MajorText,MinorText,BoroughName,202304,202305,202306,202307,202308,202309,202310,202311,202312,202401,202402,202403
ARSON AND CRIMINAL DAMAGE,ARSON,Barking and Dagenham,2,5,2,5,7,4,4,3,4,4,5,6
ARSON AND CRIMINAL DAMAGE,CRIMINAL DAMAGE,Barking and Dagenham,97,108,122,131,114,128,82,88,125,126,124,134
BURGLARY,BURGLARY BUSINESS AND COMMUNITY,Barking and Dagenham,36,27,28,25,34,38,26,19,20,31,21,30
BURGLARY,DOMESTIC BURGLARY,Barking and Dagenham,48,0,1,1,0,0,0,0,0,0,0,0
BURGLARY,RES BURGLARY OF A HOME,Barking and Dagenham,8,44,50,38,65,65,47,49,44,57,33,45
BURGLARY,RES BURGLARY OF UNCONNECTED BUILDING,Barking and Dagenham,4,7,12,9,10,21,16,15,9,10,16,5
DRUG OFFENCES,POSSESSION OF DRUGS,Barking and Dagenham,71,88,91,129,84,83,58,73,45,71,51,64
DRUG OFFENCES,TRAFFICKING OF DRUGS,Barking and Dagenham,24,25,42,22,16,19,26,23,19,29,18,42
FRAUD AND FORGERY,FRAUD AND FORGERY,Barking and Dagenham,0,0,0,0,0,0,0,0,1,0,0,0
MISCELLANEOUS CRIMES AGAINST SOCIETY,MISC CRIMES AGAINST SOCIETY,Barking and Dagenham,22,22,22,26,15,28,22,24,23,28,26,16
POSSESSION OF WEAPONS,POSSESSION OF WEAPONS,Barking and Dagenham,15,19,26,19,21,16,10,16,16,10,13,8
PUBLIC ORDER OFFENCES,OTHER OFFENCES PUBLIC ORDER,Barking and Dagenham,8,15,9,12,11,14,11,8,12,7,13,12
PUBLIC ORDER OFFENCES,PUBLIC FEAR ALARM OR DISTRESS,Barking and Dagenham,76,107,74,68,103,104,62,90,65,69,92,68
PUBLIC ORDER OFFENCES,RACE OR RELIGIOUS AGG PUBLIC FEAR,Barking and Dagenham,22,26,32,42,19,23,24,18,26,13,13,21
PUBLIC ORDER OFFENCES,VIOLENT DISORDER,Barking and Dagenham,0,1,0,0,0,0,0,1,0,0,0,0
ROBBERY,ROBBERY OF BUSINESS PROPERTY,Barking and Dagenham,11,8,2,3,9,11,9,16,9,4,9,10
ROBBERY,ROBBERY OF PERSONAL PROPERTY,Barking and Dagenham,63,73,76,86,83,60,32,48,46,46,73,101
SEXUAL OFFENCES,OTHER SEXUAL OFFENCES,Barking and Dagenham,24,25,43,46,21,27,28,17,32,29,18,36
SEXUAL OFFENCES,RAPE,Barking and Dagenham,19,21,20,16,20,19,12,13,29,13,21,18
THEFT,BICYCLE THEFT,Barking and Dagenham,10,5,11,17,15,12,10,9,10,5,6,4
THEFT,OTHER THEFT,Barking and Dagenham,207,218,209,188,177,182,167,159,179,160,136,161
THEFT,SHOPLIFTING,Barking and Dagenham,111,141,104,126,125,95,106,106,89,102,99,109
THEFT,THEFT FROM THE PERSON,Barking and Dagenham,34,53,53,62,34,52,62,52,66,50,64,81
VEHICLE OFFENCES,AGGRAVATED VEHICLE TAKING,Barking and Dagenham,1,0,3,2,3,3,0,2,3,1,2,3
VEHICLE OFFENCES,INTERFERING WITH A MOTOR VEHICLE,Barking and Dagenham,23,25,17,23,18,33,25,15,31,29,27,25
VEHICLE OFFENCES,THEFT FROM A VEHICLE,Barking and Dagenham,88,88,97,98,91,124,83,93,115,96,76,91
VEHICLE OFFENCES,THEFT OR UNAUTH TAKING OF A MOTOR VEH,Barking and Dagenham,95,121,82,79,89,88,75,104,71,102,85,102
VIOLENCE AGAINST THE PERSON,DEATH SERIOUS INJURY ILLEGAL DRIVING,Barking and Dagenham,0,0,0,0,0,0,1,0,0,1,0,1
VIOLENCE AGAINST THE PERSON,HOMICIDE,Barking and Dagenham,0,1,0,0,0,0,0,0,0,0,0,0
VIOLENCE AGAINST THE PERSON,STALKING AND HARASSMENT,Barking and Dagenham,138,173,153,149,140,133,128,135,119,117,143,149
VIOLENCE AGAINST THE PERSON,VIOLENCE WITH INJURY,Barking and Dagenham,159,207,204,193,199,211,152,172,195,194,172,166
VIOLENCE AGAINST THE PERSON,VIOLENCE WITHOUT INJURY,Barking and Dagenham,272,275,315,282,297,292,220,211,296,280,282,264
ARSON AND CRIMINAL DAMAGE,ARSON,Barnet,8,4,6,7,7,4,12,6,3,6,3,3
ARSON AND CRIMINAL DAMAGE,CRIMINAL DAMAGE,Barnet,128,176,153,159,158,146,131,152,143,142,139,160
BURGLARY,BURGLARY BUSINESS AND COMMUNITY,Barnet,55,57,48,55,49,40,63,65,49,55,65,62
BURGLARY,DOMESTIC BURGLARY,Barnet,134,6,3,1,0,0,0,0,0,0,0,0
BURGLARY,RES BURGLARY OF A HOME,Barnet,21,91,67,125,93,114,107,132,137,147,120,130
BURGLARY,RES BURGLARY OF UNCONNECTED BUILDING,Barnet,6,22,20,32,40,19,25,34,28,19,28,36
DRUG OFFENCES,POSSESSION OF DRUGS,Barnet,53,60,41,61,51,32,42,50,35,30,31,36
DRUG OFFENCES,TRAFFICKING OF DRUGS,Barnet,39,42,52,41,53,47,37,49,36,57,40,42
FRAUD AND FORGERY,FRAUD AND FORGERY,Barnet,0,0,0,0,0,0,0,0,0,0,0,0
MISCELLANEOUS CRIMES AGAINST SOCIETY,MISC CRIMES AGAINST SOCIETY,Barnet,25,29,28,19,33,33,28,33,29,34,30,31
POSSESSION OF WEAPONS,POSSESSION OF WEAPONS,Barnet,14,9,11,14,14,12,10,11,19,3,8,15
PUBLIC ORDER OFFENCES,OTHER OFFENCES PUBLIC ORDER,Barnet,18,15,20,22,11,18,23,20,25,15,18,19
PUBLIC ORDER OFFENCES,PUBLIC FEAR ALARM OR DISTRESS,Barnet,86,126,143,110,100,121,114,119,91,91,87,85
PUBLIC ORDER OFFENCES,RACE OR RELIGIOUS AGG PUBLIC FEAR,Barnet,27,38,49,37,32,25,75,48,38,30,37,33
PUBLIC ORDER OFFENCES,VIOLENT DISORDER,Barnet,0,0,0,0,0,0,0,0,0,0,0,0
ROBBERY,ROBBERY OF BUSINESS PROPERTY,Barnet,10,7,8,9,11,12,23,23,14,16,29,23
ROBBERY,ROBBERY OF PERSONAL PROPERTY,Barnet,38,62,66,67,52,49,59,90,95,59,60,54
SEXUAL OFFENCES,OTHER SEXUAL OFFENCES,Barnet,30,43,29,32,27,48,40,31,39,42,35,48
SEXUAL OFFENCES,RAPE,Barnet,25,25,18,21,32,21,12,16,22,27,18,17
THEFT,BICYCLE THEFT,Barnet,8,15,22,24,19,17,16,15,10,9,11,20
THEFT,OTHER THEFT,Barnet,270,253,303,297,262,261,280,256,249,285,250,255
THEFT,SHOPLIFTING,Barnet,195,178,181,170,166,155,184,180,201,200,239,228
THEFT,THEFT FROM THE PERSON,Barnet,58,56,55,67,53,45,59,74,80,64,66,91
VEHICLE OFFENCES,AGGRAVATED VEHICLE TAKING,Barnet,2,4,2,3,2,4,0,2,3,4,0,1
VEHICLE OFFENCES,INTERFERING WITH A MOTOR VEHICLE,Barnet,17,29,35,48,47,45,63,60,35,55,55,27
VEHICLE OFFENCES,THEFT FROM A VEHICLE,Barnet,179,202,178,178,145,166,204,201,173,207,201,173
VEHICLE OFFENCES,THEFT OR UNAUTH TAKING OF A MOTOR VEH,Barnet,136,169,160,188,143,169,145,151,124,130,139,126
VIOLENCE AGAINST THE PERSON,DEATH SERIOUS INJURY ILLEGAL DRIVING,Barnet,1,0,0,1,0,0,0,0,1,1,2,2
VIOLENCE AGAINST THE PERSON,HOMICIDE,Barnet,0,0,0,0,1,0,1,0,0,0,0,0
VIOLENCE AGAINST THE PERSON,STALKING AND HARASSMENT,Barnet,182,206,192,184,214,188,229,218,208,177,180,168
VIOLENCE AGAINST THE PERSON,VIOLENCE WITH INJURY,Barnet,180,192,200,219,162,183,181,170,206,166,175,157
VIOLENCE AGAINST THE PERSON,VIOLENCE WITHOUT INJURY,Barnet,282,284,308,286,283,286,275,278,258,274,233,261
ARSON AND CRIMINAL DAMAGE,ARSON,Bexley,5,8,6,9,0,4,8,6,9,11,9,9
ARSON AND CRIMINAL DAMAGE,CRIMINAL DAMAGE,Bexley,106,115,126,124,120,156,131,122,122,133,159,117
BURGLARY,BURGLARY BUSINESS AND COMMUNITY,Bexley,20,25,25,14,17,17,23,28,19,32,25,31
BURGLARY,DOMESTIC BURGLARY,Bexley,54,1,0,0,0,0,0,0,0,0,0,0
BURGLARY,RES BURGLARY OF A HOME,Bexley,25,61,27,29,39,27,40,63,74,71,50,38
BURGLARY,RES BURGLARY OF UNCONNECTED BUILDING,Bexley,3,9,6,7,4,6,6,8,11,13,6,14
DRUG OFFENCES,POSSESSION OF DRUGS,Bexley,37,42,38,46,43,37,37,42,48,26,40,46
DRUG OFFENCES,TRAFFICKING OF DRUGS,Bexley,9,11,21,19,52,20,8,10,13,10,17,18
FRAUD AND FORGERY,FRAUD AND FORGERY,Bexley,0,0,0,0,0,0,0,0,0,0,0,1
MISCELLANEOUS CRIMES AGAINST SOCIETY,MISC CRIMES AGAINST SOCIETY,Bexley,14,12,19,23,22,16,20,17,24,25,13,21
POSSESSION OF WEAPONS,POSSESSION OF WEAPONS,Bexley,16,9,7,16,7,5,7,8,12,11,8,12
PUBLIC ORDER OFFENCES,OTHER OFFENCES PUBLIC ORDER,Bexley,16,14,9,17,15,9,9,16,11,18,11,19
PUBLIC ORDER OFFENCES,PUBLIC FEAR ALARM OR DISTRESS,Bexley,105,65,100,65,68,84,69,81,66,69,69,56
PUBLIC ORDER OFFENCES,RACE OR RELIGIOUS AGG PUBLIC FEAR,Bexley,14,31,10,16,18,17,16,12,26,10,15,22
PUBLIC ORDER OFFENCES,VIOLENT DISORDER,Bexley,0,0,0,0,0,0,0,0,0,0,0,0
ROBBERY,ROBBERY OF BUSINESS PROPERTY,Bexley,2,2,3,6,4,3,4,3,9,5,4,18
ROBBERY,ROBBERY OF PERSONAL PROPERTY,Bexley,17,35,19,26,20,35,21,24,28,28,21,17
SEXUAL OFFENCES,OTHER SEXUAL OFFENCES,Bexley,24,25,29,30,18,23,20,31,30,33,16,15
SEXUAL OFFENCES,RAPE,Bexley,14,9,9,15,18,18,13,12,15,18,9,18
THEFT,BICYCLE THEFT,Bexley,8,7,9,6,7,2,2,3,5,6,3,7
THEFT,OTHER THEFT,Bexley,138,135,108,125,122,131,129,156,134,132,114,118
THEFT,SHOPLIFTING,Bexley,94,106,88,99,121,98,100,122,96,98,100,228
THEFT,THEFT FROM THE PERSON,Bexley,12,17,23,16,13,12,11,22,14,19,11,12
VEHICLE OFFENCES,AGGRAVATED VEHICLE TAKING,Bexley,0,2,0,3,2,4,1,2,3,2,3,2
VEHICLE OFFENCES,INTERFERING WITH A MOTOR VEHICLE,Bexley,14,14,21,16,27,26,30,33,31,31,36,39
VEHICLE OFFENCES,THEFT FROM A VEHICLE,Bexley,63,72,74,69,79,86,105,82,72,95,60,66
VEHICLE OFFENCES,THEFT OR UNAUTH TAKING OF A MOTOR VEH,Bexley,88,74,56,62,43,92,75,85,82,99,67,96
VIOLENCE AGAINST THE PERSON,DEATH SERIOUS INJURY ILLEGAL DRIVING,Bexley,0,0,0,0,0,0,1,0,0,0,1,0
VIOLENCE AGAINST THE PERSON,HOMICIDE,Bexley,0,0,0,0,1,0,0,0,0,1,0,0
VIOLENCE AGAINST THE PERSON,STALKING AND HARASSMENT,Bexley,126,135,153,159,156,139,107,120,106,121,115,117
VIOLENCE AGAINST THE PERSON,VIOLENCE WITH INJURY,Bexley,126,179,150,169,146,147,157,119,162,128,118,127
VIOLENCE AGAINST THE PERSON,VIOLENCE WITHOUT INJURY,Bexley,196,212,221,201,211,216,186,189,209,178,207,200
ARSON AND CRIMINAL DAMAGE,ARSON,Brent,3,4,10,6,4,8,7,3,6,8,5,6
ARSON AND CRIMINAL DAMAGE,CRIMINAL DAMAGE,Brent,151,193,176,204,155,169,177,147,179,169,172,173
BURGLARY,BURGLARY BUSINESS AND COMMUNITY,Brent,54,49,39,41,60,37,43,39,52,54,56,70
BURGLARY,DOMESTIC BURGLARY,Brent,77,3,2,0,0,0,0,0,0,0,0,0
BURGLARY,RES BURGLARY OF A HOME,Brent,28,93,86,105,98,97,89,99,104,107,128,101
BURGLARY,RES BURGLARY OF UNCONNECTED BUILDING,Brent,4,28,33,40,54,36,30,52,31,20,23,41
DRUG OFFENCES,POSSESSION OF DRUGS,Brent,127,96,68,89,73,76,58,52,70,61,69,60
DRUG OFFENCES,TRAFFICKING OF DRUGS,Brent,54,62,88,52,54,59,56,67,38,62,66,46
FRAUD AND FORGERY,FRAUD AND FORGERY,Brent,0,0,0,0,0,0,0,0,0,0,0,2
MISCELLANEOUS CRIMES AGAINST SOCIETY,MISC CRIMES AGAINST SOCIETY,Brent,29,31,39,30,31,29,30,29,26,23,27,32
NFIB FRAUD,NFIB,Brent,0,0,0,0,0,0,0,0,0,0,0,1
POSSESSION OF WEAPONS,POSSESSION OF WEAPONS,Brent,31,24,20,23,21,21,13,14,15,15,15,19
PUBLIC ORDER OFFENCES,OTHER OFFENCES PUBLIC ORDER,Brent,23,20,14,15,23,18,19,15,16,19,16,26
PUBLIC ORDER OFFENCES,PUBLIC FEAR ALARM OR DISTRESS,Brent,127,143,162,141,138,137,116,120,120,95,120,104
PUBLIC ORDER OFFENCES,RACE OR RELIGIOUS AGG PUBLIC FEAR,Brent,37,43,51,39,38,35,39,54,28,39,33,45
PUBLIC ORDER OFFENCES,VIOLENT DISORDER,Brent,0,1,0,0,0,0,0,0,0,0,0,1
ROBBERY,ROBBERY OF BUSINESS PROPERTY,Brent,11,12,16,20,22,16,13,24,18,11,24,15
ROBBERY,ROBBERY OF PERSONAL PROPERTY,Brent,76,91,98,53,61,71,71,59,89,74,49,59
SEXUAL OFFENCES,OTHER SEXUAL OFFENCES,Brent,33,60,46,54,32,44,42,31,30,37,37,39
SEXUAL OFFENCES,RAPE,Brent,15,30,20,40,17,24,21,16,22,29,25,23
THEFT,BICYCLE THEFT,Brent,20,27,36,37,31,39,25,24,15,13,26,20
THEFT,OTHER THEFT,Brent,286,320,387,360,327,304,329,351,293,323,321,333
THEFT,SHOPLIFTING,Brent,150,179,171,226,185,165,160,181,178,201,209,239
THEFT,THEFT FROM THE PERSON,Brent,91,134,101,94,77,90,113,124,157,145,178,177
VEHICLE OFFENCES,AGGRAVATED VEHICLE TAKING,Brent,0,4,5,1,0,2,1,2,5,0,1,0
VEHICLE OFFENCES,INTERFERING WITH A MOTOR VEHICLE,Brent,24,16,28,24,32,50,59,41,37,44,30,34
VEHICLE OFFENCES,THEFT FROM A VEHICLE,Brent,184,192,155,148,139,189,227,220,165,203,156,150
VEHICLE OFFENCES,THEFT OR UNAUTH TAKING OF A MOTOR VEH,Brent,95,108,92,98,112,133,101,143,119,107,96,111
VIOLENCE AGAINST THE PERSON,DEATH SERIOUS INJURY ILLEGAL DRIVING,Brent,0,1,1,1,0,2,1,0,0,0,0,0
VIOLENCE AGAINST THE PERSON,HOMICIDE,Brent,0,0,1,2,1,1,0,0,0,0,0,2
VIOLENCE AGAINST THE PERSON,STALKING AND HARASSMENT,Brent,177,191,165,177,168,198,159,124,173,168,174,169
VIOLENCE AGAINST THE PERSON,VIOLENCE WITH INJURY,Brent,245,292,339,277,299,250,216,266,266,214,194,222
VIOLENCE AGAINST THE PERSON,VIOLENCE WITHOUT INJURY,Brent,321,406,477,423,390,405,342,317,360,312,383,401
ARSON AND CRIMINAL DAMAGE,ARSON,Bromley,11,9,3,13,7,9,4,6,5,12,2,9
ARSON AND CRIMINAL DAMAGE,CRIMINAL DAMAGE,Bromley,137,184,164,158,164,172,194,166,161,186,187,167
BURGLARY,BURGLARY BUSINESS AND COMMUNITY,Bromley,39,33,24,36,32,31,41,45,32,23,33,39
BURGLARY,DOMESTIC BURGLARY,Bromley,79,7,2,3,0,0,0,0,0,0,0,0
BURGLARY,RES BURGLARY OF A HOME,Bromley,19,61,41,48,69,57,71,77,87,78,76,64
BURGLARY,RES BURGLARY OF UNCONNECTED BUILDING,Bromley,3,36,9,17,17,22,30,22,25,19,21,25
DRUG OFFENCES,POSSESSION OF DRUGS,Bromley,62,52,49,60,57,61,53,46,37,46,44,47
DRUG OFFENCES,TRAFFICKING OF DRUGS,Bromley,23,24,40,25,28,27,9,19,15,19,10,13
FRAUD AND FORGERY,FRAUD AND FORGERY,Bromley,0,0,0,0,0,0,0,0,0,0,0,1
MISCELLANEOUS CRIMES AGAINST SOCIETY,MISC CRIMES AGAINST SOCIETY,Bromley,33,36,36,26,28,33,20,21,18,30,20,29
POSSESSION OF WEAPONS,POSSESSION OF WEAPONS,Bromley,16,8,11,18,13,10,12,10,10,18,8,9
PUBLIC ORDER OFFENCES,OTHER OFFENCES PUBLIC ORDER,Bromley,15,12,11,17,12,17,10,16,14,16,8,17
PUBLIC ORDER OFFENCES,PUBLIC FEAR ALARM OR DISTRESS,Bromley,93,119,132,127,107,114,84,87,85,75,76,88
PUBLIC ORDER OFFENCES,RACE OR RELIGIOUS AGG PUBLIC FEAR,Bromley,22,30,26,25,31,36,21,20,26,19,24,26
PUBLIC ORDER OFFENCES,VIOLENT DISORDER,Bromley,0,0,0,0,0,0,0,0,0,0,0,0
ROBBERY,ROBBERY OF BUSINESS PROPERTY,Bromley,11,12,7,14,4,7,7,14,2,11,8,14
ROBBERY,ROBBERY OF PERSONAL PROPERTY,Bromley,40,37,33,34,40,22,28,69,44,61,41,32
SEXUAL OFFENCES,OTHER SEXUAL OFFENCES,Bromley,52,32,46,44,28,48,33,52,24,14,42,35
SEXUAL OFFENCES,RAPE,Bromley,19,11,16,22,24,21,18,16,17,12,13,19
THEFT,BICYCLE THEFT,Bromley,9,14,19,10,8,9,9,7,8,11,11,13
THEFT,OTHER THEFT,Bromley,178,204,215,202,222,197,210,213,179,144,167,158
THEFT,SHOPLIFTING,Bromley,225,248,219,230,256,224,180,174,159,181,205,230
THEFT,THEFT FROM THE PERSON,Bromley,38,35,31,48,36,33,48,57,49,38,62,67
VEHICLE OFFENCES,AGGRAVATED VEHICLE TAKING,Bromley,3,4,0,2,2,1,2,2,6,5,2,3
VEHICLE OFFENCES,INTERFERING WITH A MOTOR VEHICLE,Bromley,20,24,27,28,39,33,39,61,49,67,57,45
VEHICLE OFFENCES,THEFT FROM A VEHICLE,Bromley,68,126,129,95,99,128,121,164,156,155,140,144
VEHICLE OFFENCES,THEFT OR UNAUTH TAKING OF A MOTOR VEH,Bromley,98,99,92,85,117,122,97,111,123,140,100,126
VIOLENCE AGAINST THE PERSON,DEATH SERIOUS INJURY ILLEGAL DRIVING,Bromley,1,0,1,2,1,0,1,2,0,0,0,1
VIOLENCE AGAINST THE PERSON,HOMICIDE,Bromley,0,0,0,0,0,1,1,0,0,0,0,0
VIOLENCE AGAINST THE PERSON,STALKING AND HARASSMENT,Bromley,152,160,161,173,150,159,130,154,161,149,163,175
VIOLENCE AGAINST THE PERSON,VIOLENCE WITH INJURY,Bromley,178,213,222,207,190,185,161,171,197,188,175,167
VIOLENCE AGAINST THE PERSON,VIOLENCE WITHOUT INJURY,Bromley,235,225,226,262,258,251,241,253,245,201,248,243
ARSON AND CRIMINAL DAMAGE,ARSON,Camden,6,4,5,6,4,0,4,2,4,3,6,5
ARSON AND CRIMINAL DAMAGE,CRIMINAL DAMAGE,Camden,139,149,172,157,158,145,138,152,169,127,138,125
BURGLARY,BURGLARY BUSINESS AND COMMUNITY,Camden,76,73,101,89,106,97,108,75,92,82,72,97
BURGLARY,DOMESTIC BURGLARY,Camden,69,1,2,1,0,0,0,0,0,0,0,0
BURGLARY,RES BURGLARY OF A HOME,Camden,16,43,78,64,75,68,54,65,64,81,85,78
BURGLARY,RES BURGLARY OF UNCONNECTED BUILDING,Camden,10,20,23,24,32,48,28,38,35,49,19,40
DRUG OFFENCES,POSSESSION OF DRUGS,Camden,67,65,67,58,71,91,73,67,86,106,97,82
DRUG OFFENCES,TRAFFICKING OF DRUGS,Camden,34,48,44,21,20,43,52,46,28,41,30,25
FRAUD AND FORGERY,FRAUD AND FORGERY,Camden,0,0,0,0,0,0,0,0,0,0,0,0
MISCELLANEOUS CRIMES AGAINST SOCIETY,MISC CRIMES AGAINST SOCIETY,Camden,39,16,14,20,21,26,20,29,16,19,13,14
NFIB FRAUD,NFIB,Camden,0,0,0,0,0,0,0,0,0,0,0,1
POSSESSION OF WEAPONS,POSSESSION OF WEAPONS,Camden,12,17,15,15,11,24,18,10,16,13,11,16
PUBLIC ORDER OFFENCES,OTHER OFFENCES PUBLIC ORDER,Camden,17,21,27,13,23,20,21,21,15,17,29,23
PUBLIC ORDER OFFENCES,PUBLIC FEAR ALARM OR DISTRESS,Camden,145,151,148,150,145,118,125,138,132,97,134,103
PUBLIC ORDER OFFENCES,RACE OR RELIGIOUS AGG PUBLIC FEAR,Camden,43,44,60,39,37,42,54,58,41,31,41,34
PUBLIC ORDER OFFENCES,VIOLENT DISORDER,Camden,0,0,0,0,1,1,0,0,0,0,0,0
ROBBERY,ROBBERY OF BUSINESS PROPERTY,Camden,12,11,23,15,18,11,10,28,21,14,17,33
ROBBERY,ROBBERY OF PERSONAL PROPERTY,Camden,151,137,124,126,101,123,132,131,94,126,133,115
SEXUAL OFFENCES,OTHER SEXUAL OFFENCES,Camden,42,52,59,41,51,58,51,36,34,42,38,45
SEXUAL OFFENCES,RAPE,Camden,27,16,17,13,33,29,29,17,17,15,36,19
THEFT,BICYCLE THEFT,Camden,78,87,109,144,83,106,80,79,40,71,58,41
THEFT,OTHER THEFT,Camden,702,820,834,792,721,714,759,891,702,626,837,581
THEFT,SHOPLIFTING,Camden,169,202,191,216,212,216,198,236,221,200,250,261
THEFT,THEFT FROM THE PERSON,Camden,479,518,444,463,455,540,562,641,523,555,760,979
VEHICLE OFFENCES,AGGRAVATED VEHICLE TAKING,Camden,1,0,1,2,0,2,3,3,1,3,2,2
VEHICLE OFFENCES,INTERFERING WITH A MOTOR VEHICLE,Camden,20,25,20,14,13,20,20,15,20,20,26,25
VEHICLE OFFENCES,THEFT FROM A VEHICLE,Camden,238,215,188,200,175,142,190,173,157,123,166,157
VEHICLE OFFENCES,THEFT OR UNAUTH TAKING OF A MOTOR VEH,Camden,59,77,58,61,54,73,50,59,37,69,58,49
VIOLENCE AGAINST THE PERSON,DEATH SERIOUS INJURY ILLEGAL DRIVING,Camden,0,2,3,0,0,2,1,1,0,2,2,0
VIOLENCE AGAINST THE PERSON,HOMICIDE,Camden,0,0,0,0,0,1,0,0,1,1,0,0
VIOLENCE AGAINST THE PERSON,STALKING AND HARASSMENT,Camden,108,156,143,142,126,125,164,137,111,155,127,120
VIOLENCE AGAINST THE PERSON,VIOLENCE WITH INJURY,Camden,228,221,262,245,205,209,190,201,217,179,183,178
VIOLENCE AGAINST THE PERSON,VIOLENCE WITHOUT INJURY,Camden,310,312,334,324,278,270,278,302,265,303,271,313
ARSON AND CRIMINAL DAMAGE,ARSON,Croydon,11,8,8,14,15,13,3,7,12,10,3,4
ARSON AND CRIMINAL DAMAGE,CRIMINAL DAMAGE,Croydon,199,247,262,225,254,255,213,198,217,224,217,216
BURGLARY,BURGLARY BUSINESS AND COMMUNITY,Croydon,34,55,40,47,50,35,45,48,42,28,39,41
BURGLARY,DOMESTIC BURGLARY,Croydon,75,1,2,1,0,0,0,0,0,0,0,0
BURGLARY,RES BURGLARY OF A HOME,Croydon,17,74,60,78,76,87,69,95,136,120,112,110
BURGLARY,RES BURGLARY OF UNCONNECTED BUILDING,Croydon,3,18,19,24,18,17,23,23,19,17,27,21
DRUG OFFENCES,POSSESSION OF DRUGS,Croydon,109,137,77,94,98,106,74,103,75,100,62,89
DRUG OFFENCES,TRAFFICKING OF DRUGS,Croydon,39,49,82,67,44,42,34,38,33,32,45,37
FRAUD AND FORGERY,FRAUD AND FORGERY,Croydon,0,0,0,0,0,0,0,0,1,0,0,1
MISCELLANEOUS CRIMES AGAINST SOCIETY,MISC CRIMES AGAINST SOCIETY,Croydon,40,49,37,33,38,30,32,32,34,32,39,27
POSSESSION OF WEAPONS,POSSESSION OF WEAPONS,Croydon,29,31,47,33,17,17,28,27,23,31,18,29
PUBLIC ORDER OFFENCES,OTHER OFFENCES PUBLIC ORDER,Croydon,23,29,26,27,15,29,17,26,29,26,19,31
PUBLIC ORDER OFFENCES,PUBLIC FEAR ALARM OR DISTRESS,Croydon,95,144,164,138,122,146,122,154,138,144,124,106
PUBLIC ORDER OFFENCES,RACE OR RELIGIOUS AGG PUBLIC FEAR,Croydon,27,45,37,39,40,41,28,38,28,33,23,57
PUBLIC ORDER OFFENCES,VIOLENT DISORDER,Croydon,0,0,0,0,0,0,0,0,0,0,0,0
ROBBERY,ROBBERY OF BUSINESS PROPERTY,Croydon,12,11,18,31,25,11,15,16,19,8,21,25
ROBBERY,ROBBERY OF PERSONAL PROPERTY,Croydon,68,89,77,83,82,142,146,183,106,138,114,101
SEXUAL OFFENCES,OTHER SEXUAL OFFENCES,Croydon,41,64,59,57,59,53,44,44,54,44,54,62
SEXUAL OFFENCES,RAPE,Croydon,26,43,36,47,36,32,25,25,23,34,37,43
THEFT,BICYCLE THEFT,Croydon,11,17,14,17,19,19,15,12,17,19,9,14
THEFT,OTHER THEFT,Croydon,261,276,274,285,297,267,239,304,318,279,206,251
THEFT,SHOPLIFTING,Croydon,185,162,250,237,243,221,210,208,224,203,211,321
THEFT,THEFT FROM THE PERSON,Croydon,43,58,52,60,57,64,54,53,51,47,63,78
VEHICLE OFFENCES,AGGRAVATED VEHICLE TAKING,Croydon,0,3,3,5,2,1,4,3,1,5,1,2
VEHICLE OFFENCES,INTERFERING WITH A MOTOR VEHICLE,Croydon,34,35,39,31,45,32,54,29,38,36,53,59
VEHICLE OFFENCES,THEFT FROM A VEHICLE,Croydon,129,145,136,163,165,172,226,183,138,187,158,143
VEHICLE OFFENCES,THEFT OR UNAUTH TAKING OF A MOTOR VEH,Croydon,90,115,119,149,124,133,128,120,121,170,163,131
VIOLENCE AGAINST THE PERSON,DEATH SERIOUS INJURY ILLEGAL DRIVING,Croydon,0,0,0,1,1,0,0,0,1,0,4,0
VIOLENCE AGAINST THE PERSON,HOMICIDE,Croydon,0,1,4,0,0,2,1,0,1,0,0,0
VIOLENCE AGAINST THE PERSON,STALKING AND HARASSMENT,Croydon,222,207,259,243,229,200,213,220,220,230,227,246
VIOLENCE AGAINST THE PERSON,VIOLENCE WITH INJURY,Croydon,251,296,347,315,316,353,302,273,267,286,257,265
VIOLENCE AGAINST THE PERSON,VIOLENCE WITHOUT INJURY,Croydon,406,381,442,465,397,440,427,448,442,441,432,475
ARSON AND CRIMINAL DAMAGE,ARSON,Ealing,3,8,6,7,11,9,6,4,5,6,1,8
ARSON AND CRIMINAL DAMAGE,CRIMINAL DAMAGE,Ealing,164,211,194,205,172,178,184,177,183,148,141,163
BURGLARY,BURGLARY BUSINESS AND COMMUNITY,Ealing,35,45,36,31,51,50,30,39,59,59,54,66
BURGLARY,DOMESTIC BURGLARY,Ealing,80,5,4,1,0,0,0,0,0,0,0,0
BURGLARY,RES BURGLARY OF A HOME,Ealing,25,77,84,114,96,104,79,104,108,130,119,79
BURGLARY,RES BURGLARY OF UNCONNECTED BUILDING,Ealing,9,21,27,22,22,32,24,18,35,36,17,20
DRUG OFFENCES,POSSESSION OF DRUGS,Ealing,67,65,89,85,75,51,45,53,56,53,62,57
DRUG OFFENCES,TRAFFICKING OF DRUGS,Ealing,38,43,40,35,44,50,23,37,46,40,44,33
FRAUD AND FORGERY,FRAUD AND FORGERY,Ealing,0,0,0,0,1,0,0,0,0,0,0,2
MISCELLANEOUS CRIMES AGAINST SOCIETY,MISC CRIMES AGAINST SOCIETY,Ealing,24,37,39,39,34,35,27,20,28,33,28,27
NFIB FRAUD,NFIB,Ealing,0,0,0,0,0,0,0,0,0,0,0,1
POSSESSION OF WEAPONS,POSSESSION OF WEAPONS,Ealing,12,10,15,16,12,14,10,10,14,12,12,16
PUBLIC ORDER OFFENCES,OTHER OFFENCES PUBLIC ORDER,Ealing,15,13,18,15,22,18,24,24,18,8,19,24
PUBLIC ORDER OFFENCES,PUBLIC FEAR ALARM OR DISTRESS,Ealing,128,175,168,155,121,169,137,130,125,127,102,92
PUBLIC ORDER OFFENCES,RACE OR RELIGIOUS AGG PUBLIC FEAR,Ealing,21,40,35,43,46,45,30,36,27,20,33,32
PUBLIC ORDER OFFENCES,VIOLENT DISORDER,Ealing,0,0,0,0,0,0,0,0,0,0,0,0
ROBBERY,ROBBERY OF BUSINESS PROPERTY,Ealing,3,5,4,17,10,14,11,16,13,13,13,13
ROBBERY,ROBBERY OF PERSONAL PROPERTY,Ealing,57,84,45,66,55,59,74,67,98,84,88,68
SEXUAL OFFENCES,OTHER SEXUAL OFFENCES,Ealing,39,54,39,41,39,64,42,39,37,31,56,34
SEXUAL OFFENCES,RAPE,Ealing,22,27,21,19,23,25,16,22,23,18,38,27
THEFT,BICYCLE THEFT,Ealing,19,44,35,36,33,47,52,33,22,28,36,41
THEFT,OTHER THEFT,Ealing,290,328,292,317,300,290,298,318,274,256,279,294
THEFT,SHOPLIFTING,Ealing,145,129,152,157,156,164,169,176,146,163,157,221
THEFT,THEFT FROM THE PERSON,Ealing,83,75,91,70,44,70,66,102,73,54,85,121
VEHICLE OFFENCES,AGGRAVATED VEHICLE TAKING,Ealing,0,4,1,3,1,3,1,1,4,2,0,4
VEHICLE OFFENCES,INTERFERING WITH A MOTOR VEHICLE,Ealing,27,23,26,27,44,33,48,56,38,46,41,30
VEHICLE OFFENCES,THEFT FROM A VEHICLE,Ealing,157,260,238,258,258,245,334,292,204,252,236,328
VEHICLE OFFENCES,THEFT OR UNAUTH TAKING OF A MOTOR VEH,Ealing,82,129,97,90,98,111,110,135,100,117,83,88
VIOLENCE AGAINST THE PERSON,DEATH SERIOUS INJURY ILLEGAL DRIVING,Ealing,0,1,0,1,1,1,0,0,1,1,0,0
VIOLENCE AGAINST THE PERSON,HOMICIDE,Ealing,0,0,1,0,0,0,0,0,0,0,0,2
VIOLENCE AGAINST THE PERSON,STALKING AND HARASSMENT,Ealing,187,209,197,236,219,226,192,188,176,205,187,152
VIOLENCE AGAINST THE PERSON,VIOLENCE WITH INJURY,Ealing,251,243,246,262,279,303,251,252,238,225,253,228
VIOLENCE AGAINST THE PERSON,VIOLENCE WITHOUT INJURY,Ealing,315,436,407,434,372,409,407,360,399,365,429,398
ARSON AND CRIMINAL DAMAGE,ARSON,Enfield,3,7,9,9,11,11,13,11,12,9,3,4
ARSON AND CRIMINAL DAMAGE,CRIMINAL DAMAGE,Enfield,167,178,186,157,151,192,142,186,151,171,119,178
BURGLARY,BURGLARY BUSINESS AND COMMUNITY,Enfield,39,48,42,39,42,70,62,48,82,59,49,46
BURGLARY,DOMESTIC BURGLARY,Enfield,91,2,2,0,0,0,0,0,0,0,0,0
BURGLARY,RES BURGLARY OF A HOME,Enfield,12,88,112,98,115,78,115,149,153,141,89,121
BURGLARY,RES BURGLARY OF UNCONNECTED BUILDING,Enfield,2,18,16,20,14,21,15,19,22,17,8,15
DRUG OFFENCES,POSSESSION OF DRUGS,Enfield,59,72,44,45,37,57,31,52,36,72,61,71
DRUG OFFENCES,TRAFFICKING OF DRUGS,Enfield,47,49,60,45,50,35,42,41,42,32,37,46
FRAUD AND FORGERY,FRAUD AND FORGERY,Enfield,0,0,0,0,0,0,0,0,0,0,0,0
MISCELLANEOUS CRIMES AGAINST SOCIETY,MISC CRIMES AGAINST SOCIETY,Enfield,22,25,30,45,29,41,22,31,22,28,25,22
POSSESSION OF WEAPONS,POSSESSION OF WEAPONS,Enfield,18,22,17,15,18,20,22,22,15,18,27,15
PUBLIC ORDER OFFENCES,OTHER OFFENCES PUBLIC ORDER,Enfield,17,19,24,16,18,18,18,18,17,12,13,18
PUBLIC ORDER OFFENCES,PUBLIC FEAR ALARM OR DISTRESS,Enfield,97,117,138,94,101,95,115,102,92,96,86,86
PUBLIC ORDER OFFENCES,RACE OR RELIGIOUS AGG PUBLIC FEAR,Enfield,32,29,30,26,24,26,27,24,23,24,18,25
PUBLIC ORDER OFFENCES,VIOLENT DISORDER,Enfield,0,1,0,0,0,1,0,0,0,0,0,0
ROBBERY,ROBBERY OF BUSINESS PROPERTY,Enfield,11,5,6,1,7,2,7,7,6,16,14,7
ROBBERY,ROBBERY OF PERSONAL PROPERTY,Enfield,71,65,51,51,73,57,81,79,103,82,68,78
SEXUAL OFFENCES,OTHER SEXUAL OFFENCES,Enfield,44,46,42,61,43,45,44,40,37,29,43,39
SEXUAL OFFENCES,RAPE,Enfield,26,33,21,18,13,24,29,30,22,32,19,20
THEFT,BICYCLE THEFT,Enfield,15,8,15,11,22,19,22,22,15,12,11,11
THEFT,OTHER THEFT,Enfield,239,275,274,251,229,283,256,257,294,221,238,197
THEFT,SHOPLIFTING,Enfield,106,110,123,123,123,113,95,100,117,128,128,129
THEFT,THEFT FROM THE PERSON,Enfield,73,60,71,65,55,61,85,109,95,76,67,93
VEHICLE OFFENCES,AGGRAVATED VEHICLE TAKING,Enfield,4,4,2,6,5,1,2,1,5,4,5,5
VEHICLE OFFENCES,INTERFERING WITH A MOTOR VEHICLE,Enfield,39,33,42,66,56,58,37,49,43,46,48,47
VEHICLE OFFENCES,THEFT FROM A VEHICLE,Enfield,205,181,165,212,241,211,174,200,215,244,171,182
VEHICLE OFFENCES,THEFT OR UNAUTH TAKING OF A MOTOR VEH,Enfield,188,171,166,176,165,168,146,141,134,140,150,162
VIOLENCE AGAINST THE PERSON,DEATH SERIOUS INJURY ILLEGAL DRIVING,Enfield,1,0,1,0,0,0,1,0,0,0,0,0
VIOLENCE AGAINST THE PERSON,HOMICIDE,Enfield,0,0,0,0,0,0,1,0,0,0,1,1
VIOLENCE AGAINST THE PERSON,STALKING AND HARASSMENT,Enfield,180,214,214,188,162,180,170,173,170,180,195,156
VIOLENCE AGAINST THE PERSON,VIOLENCE WITH INJURY,Enfield,229,277,274,269,231,259,244,241,246,206,191,187
VIOLENCE AGAINST THE PERSON,VIOLENCE WITHOUT INJURY,Enfield,276,390,348,346,305,355,350,309,329,314,340,323
ARSON AND CRIMINAL DAMAGE,ARSON,Greenwich,10,7,8,20,16,22,15,5,6,14,10,13
ARSON AND CRIMINAL DAMAGE,CRIMINAL DAMAGE,Greenwich,189,182,182,172,184,201,156,169,174,164,164,156
BURGLARY,BURGLARY BUSINESS AND COMMUNITY,Greenwich,50,43,44,49,35,44,26,27,35,48,39,33
BURGLARY,DOMESTIC BURGLARY,Greenwich,56,3,3,2,0,0,0,0,0,0,0,0
BURGLARY,RES BURGLARY OF A HOME,Greenwich,13,49,51,85,58,48,54,66,84,86,71,55
BURGLARY,RES BURGLARY OF UNCONNECTED BUILDING,Greenwich,12,16,15,33,20,30,31,30,38,47,18,32
DRUG OFFENCES,POSSESSION OF DRUGS,Greenwich,72,89,119,104,127,95,80,73,74,73,85,71
DRUG OFFENCES,TRAFFICKING OF DRUGS,Greenwich,8,30,42,39,40,43,24,29,22,19,26,29
FRAUD AND FORGERY,FRAUD AND FORGERY,Greenwich,0,0,0,0,0,0,0,0,0,0,0,0
MISCELLANEOUS CRIMES AGAINST SOCIETY,MISC CRIMES AGAINST SOCIETY,Greenwich,28,34,39,33,33,43,28,42,23,36,31,28
POSSESSION OF WEAPONS,POSSESSION OF WEAPONS,Greenwich,18,18,34,25,23,23,13,20,15,28,14,22
PUBLIC ORDER OFFENCES,OTHER OFFENCES PUBLIC ORDER,Greenwich,13,26,29,27,28,27,22,16,23,9,24,28
PUBLIC ORDER OFFENCES,PUBLIC FEAR ALARM OR DISTRESS,Greenwich,113,154,152,122,134,142,109,127,112,112,84,97
PUBLIC ORDER OFFENCES,RACE OR RELIGIOUS AGG PUBLIC FEAR,Greenwich,22,32,24,24,31,35,22,19,25,14,16,34
PUBLIC ORDER OFFENCES,VIOLENT DISORDER,Greenwich,0,0,0,1,0,0,0,0,0,0,0,1
ROBBERY,ROBBERY OF BUSINESS PROPERTY,Greenwich,9,12,13,13,19,11,18,10,15,14,14,19
ROBBERY,ROBBERY OF PERSONAL PROPERTY,Greenwich,47,76,68,54,38,53,38,60,63,66,56,57
SEXUAL OFFENCES,OTHER SEXUAL OFFENCES,Greenwich,39,55,40,44,38,53,37,42,26,27,38,41
SEXUAL OFFENCES,RAPE,Greenwich,24,42,27,21,22,16,17,16,28,19,21,23
THEFT,BICYCLE THEFT,Greenwich,15,25,36,15,14,32,12,18,23,22,24,29
THEFT,OTHER THEFT,Greenwich,258,270,276,272,250,236,244,261,275,243,201,223
THEFT,SHOPLIFTING,Greenwich,159,202,207,178,134,167,133,145,165,167,168,167
THEFT,THEFT FROM THE PERSON,Greenwich,70,91,78,82,70,78,71,86,99,62,45,76
VEHICLE OFFENCES,AGGRAVATED VEHICLE TAKING,Greenwich,0,2,4,3,3,1,2,2,5,3,7,3
VEHICLE OFFENCES,INTERFERING WITH A MOTOR VEHICLE,Greenwich,24,24,28,26,31,25,29,33,45,42,37,51
VEHICLE OFFENCES,THEFT FROM A VEHICLE,Greenwich,79,105,98,102,124,119,140,120,119,144,116,137
VEHICLE OFFENCES,THEFT OR UNAUTH TAKING OF A MOTOR VEH,Greenwich,88,94,93,103,81,108,95,131,106,119,96,103
VIOLENCE AGAINST THE PERSON,DEATH SERIOUS INJURY ILLEGAL DRIVING,Greenwich,0,2,2,2,1,0,1,0,0,0,0,0
VIOLENCE AGAINST THE PERSON,HOMICIDE,Greenwich,0,0,0,0,0,0,0,1,0,0,0,0
VIOLENCE AGAINST THE PERSON,STALKING AND HARASSMENT,Greenwich,211,221,203,203,202,201,181,186,164,193,179,145
VIOLENCE AGAINST THE PERSON,VIOLENCE WITH INJURY,Greenwich,251,287,333,283,234,269,223,251,256,224,241,205
VIOLENCE AGAINST THE PERSON,VIOLENCE WITHOUT INJURY,Greenwich,319,327,385,355,272,343,291,322,337,326,283,338
ARSON AND CRIMINAL DAMAGE,ARSON,Hackney,5,3,9,1,6,8,10,4,7,1,5,4
ARSON AND CRIMINAL DAMAGE,CRIMINAL DAMAGE,Hackney,131,139,156,165,139,143,157,134,136,153,161,119
BURGLARY,BURGLARY BUSINESS AND COMMUNITY,Hackney,57,45,60,43,48,72,65,65,88,82,88,62
BURGLARY,DOMESTIC BURGLARY,Hackney,104,1,6,0,0,0,0,0,0,0,0,0
BURGLARY,RES BURGLARY OF A HOME,Hackney,26,110,113,107,102,119,84,68,82,87,87,88
BURGLARY,RES BURGLARY OF UNCONNECTED BUILDING,Hackney,5,43,51,42,43,41,50,34,64,73,45,43
DRUG OFFENCES,POSSESSION OF DRUGS,Hackney,55,62,63,107,78,57,46,59,42,63,62,65
DRUG OFFENCES,TRAFFICKING OF DRUGS,Hackney,41,48,66,47,44,33,35,25,26,29,35,37
FRAUD AND FORGERY,FRAUD AND FORGERY,Hackney,0,0,0,0,0,1,0,1,0,0,0,2
MISCELLANEOUS CRIMES AGAINST SOCIETY,MISC CRIMES AGAINST SOCIETY,Hackney,18,23,23,20,20,13,31,33,20,26,13,15
POSSESSION OF WEAPONS,POSSESSION OF WEAPONS,Hackney,34,20,32,30,20,21,13,14,17,21,13,16
PUBLIC ORDER OFFENCES,OTHER OFFENCES PUBLIC ORDER,Hackney,12,15,29,28,21,24,16,18,16,23,23,20
PUBLIC ORDER OFFENCES,PUBLIC FEAR ALARM OR DISTRESS,Hackney,100,148,161,151,135,134,143,134,100,109,104,113
PUBLIC ORDER OFFENCES,RACE OR RELIGIOUS AGG PUBLIC FEAR,Hackney,30,45,32,53,29,39,55,62,47,42,47,41
PUBLIC ORDER OFFENCES,VIOLENT DISORDER,Hackney,0,0,0,0,0,0,0,0,0,0,0,0
ROBBERY,ROBBERY OF BUSINESS PROPERTY,Hackney,10,9,10,8,11,19,32,13,20,23,14,17
ROBBERY,ROBBERY OF PERSONAL PROPERTY,Hackney,109,115,126,137,129,117,98,118,101,131,122,117
SEXUAL OFFENCES,OTHER SEXUAL OFFENCES,Hackney,34,52,60,47,44,39,38,42,45,58,39,38
SEXUAL OFFENCES,RAPE,Hackney,20,28,16,20,23,22,20,17,24,14,16,18
THEFT,BICYCLE THEFT,Hackney,110,144,157,139,108,112,104,107,77,102,91,116
THEFT,OTHER THEFT,Hackney,335,338,354,385,367,361,337,395,371,370,352,308
THEFT,SHOPLIFTING,Hackney,70,82,98,89,90,98,142,122,106,148,116,126
THEFT,THEFT FROM THE PERSON,Hackney,296,287,238,259,291,259,285,348,363,356,391,410
VEHICLE OFFENCES,AGGRAVATED VEHICLE TAKING,Hackney,1,0,1,1,1,2,1,0,0,1,3,0
VEHICLE OFFENCES,INTERFERING WITH A MOTOR VEHICLE,Hackney,23,38,11,25,10,17,21,16,21,25,19,18
VEHICLE OFFENCES,THEFT FROM A VEHICLE,Hackney,102,174,167,103,117,111,164,133,152,148,123,193
VEHICLE OFFENCES,THEFT OR UNAUTH TAKING OF A MOTOR VEH,Hackney,60,56,56,58,44,47,48,51,40,45,51,70
VIOLENCE AGAINST THE PERSON,DEATH SERIOUS INJURY ILLEGAL DRIVING,Hackney,0,0,0,0,0,4,0,0,0,0,1,0
VIOLENCE AGAINST THE PERSON,HOMICIDE,Hackney,0,1,0,0,0,0,0,0,3,1,2,0
VIOLENCE AGAINST THE PERSON,STALKING AND HARASSMENT,Hackney,137,157,180,181,178,165,170,169,172,170,166,139
VIOLENCE AGAINST THE PERSON,VIOLENCE WITH INJURY,Hackney,200,247,274,250,248,253,206,232,233,200,184,181
VIOLENCE AGAINST THE PERSON,VIOLENCE WITHOUT INJURY,Hackney,254,284,368,355,334,364,305,327,354,330,292,324
ARSON AND CRIMINAL DAMAGE,ARSON,Hammersmith and Fulham,2,1,3,4,3,11,2,0,2,2,1,8
ARSON AND CRIMINAL DAMAGE,CRIMINAL DAMAGE,Hammersmith and Fulham,110,113,115,107,112,115,117,101,89,104,107,103
BURGLARY,BURGLARY BUSINESS AND COMMUNITY,Hammersmith and Fulham,56,45,40,44,41,45,43,32,26,34,33,29
BURGLARY,DOMESTIC BURGLARY,Hammersmith and Fulham,57,0,0,0,0,0,0,0,0,0,0,0
BURGLARY,RES BURGLARY OF A HOME,Hammersmith and Fulham,13,49,47,67,70,55,54,36,86,72,63,62
BURGLARY,RES BURGLARY OF UNCONNECTED BUILDING,Hammersmith and Fulham,2,9,16,27,17,15,26,9,21,15,24,29
DRUG OFFENCES,POSSESSION OF DRUGS,Hammersmith and Fulham,63,80,58,66,92,57,48,74,55,64,43,49
DRUG OFFENCES,TRAFFICKING OF DRUGS,Hammersmith and Fulham,9,21,18,14,19,10,6,19,11,16,30,13
FRAUD AND FORGERY,FRAUD AND FORGERY,Hammersmith and Fulham,0,0,0,0,0,0,0,0,0,0,0,1
MISCELLANEOUS CRIMES AGAINST SOCIETY,MISC CRIMES AGAINST SOCIETY,Hammersmith and Fulham,16,26,26,20,18,16,13,21,15,17,20,23
NFIB FRAUD,NFIB,Hammersmith and Fulham,0,0,0,0,0,0,0,0,0,0,1,0
POSSESSION OF WEAPONS,POSSESSION OF WEAPONS,Hammersmith and Fulham,14,16,8,11,7,12,10,11,7,9,6,9
PUBLIC ORDER OFFENCES,OTHER OFFENCES PUBLIC ORDER,Hammersmith and Fulham,6,9,7,13,8,7,9,4,12,10,9,19
PUBLIC ORDER OFFENCES,PUBLIC FEAR ALARM OR DISTRESS,Hammersmith and Fulham,104,102,106,109,107,118,114,109,104,73,82,75
PUBLIC ORDER OFFENCES,RACE OR RELIGIOUS AGG PUBLIC FEAR,Hammersmith and Fulham,19,25,27,29,24,30,30,34,39,42,37,37
PUBLIC ORDER OFFENCES,VIOLENT DISORDER,Hammersmith and Fulham,1,0,0,0,0,0,1,0,0,3,0,0
ROBBERY,ROBBERY OF BUSINESS PROPERTY,Hammersmith and Fulham,4,11,3,11,9,6,5,8,13,10,11,13
ROBBERY,ROBBERY OF PERSONAL PROPERTY,Hammersmith and Fulham,32,35,37,42,35,49,57,57,63,64,32,35
SEXUAL OFFENCES,OTHER SEXUAL OFFENCES,Hammersmith and Fulham,27,38,29,27,27,28,35,37,22,25,32,24
SEXUAL OFFENCES,RAPE,Hammersmith and Fulham,17,16,13,18,17,10,13,20,11,14,18,11
THEFT,BICYCLE THEFT,Hammersmith and Fulham,79,124,132,86,89,132,119,64,41,47,60,78
THEFT,OTHER THEFT,Hammersmith and Fulham,254,251,296,242,243,271,255,288,249,228,258,237
THEFT,SHOPLIFTING,Hammersmith and Fulham,91,146,110,134,130,114,123,123,119,127,177,157
THEFT,THEFT FROM THE PERSON,Hammersmith and Fulham,83,71,77,66,59,46,64,100,97,94,102,141
VEHICLE OFFENCES,AGGRAVATED VEHICLE TAKING,Hammersmith and Fulham,2,1,1,0,2,0,0,1,0,2,0,0
VEHICLE OFFENCES,INTERFERING WITH A MOTOR VEHICLE,Hammersmith and Fulham,22,20,12,22,18,19,20,21,15,18,17,20
VEHICLE OFFENCES,THEFT FROM A VEHICLE,Hammersmith and Fulham,195,189,160,165,146,153,170,195,130,147,118,118
VEHICLE OFFENCES,THEFT OR UNAUTH TAKING OF A MOTOR VEH,Hammersmith and Fulham,53,55,58,49,61,60,61,50,42,56,46,44
VIOLENCE AGAINST THE PERSON,DEATH SERIOUS INJURY ILLEGAL DRIVING,Hammersmith and Fulham,0,1,0,0,1,0,0,0,0,3,0,1
VIOLENCE AGAINST THE PERSON,HOMICIDE,Hammersmith and Fulham,0,0,1,0,0,0,0,0,0,0,0,0
VIOLENCE AGAINST THE PERSON,STALKING AND HARASSMENT,Hammersmith and Fulham,92,132,109,148,95,108,106,107,96,105,120,99
VIOLENCE AGAINST THE PERSON,VIOLENCE WITH INJURY,Hammersmith and Fulham,154,173,187,160,158,175,159,142,162,179,127,125
VIOLENCE AGAINST THE PERSON,VIOLENCE WITHOUT INJURY,Hammersmith and Fulham,207,233,223,221,210,229,203,203,218,204,208,269
ARSON AND CRIMINAL DAMAGE,ARSON,Haringey,4,5,8,6,12,14,7,6,8,7,3,7
ARSON AND CRIMINAL DAMAGE,CRIMINAL DAMAGE,Haringey,118,135,159,153,154,147,166,138,142,146,129,131
BURGLARY,BURGLARY BUSINESS AND COMMUNITY,Haringey,36,51,27,25,48,47,44,44,31,48,31,33
BURGLARY,DOMESTIC BURGLARY,Haringey,83,2,3,0,0,0,0,0,0,0,0,0
BURGLARY,RES BURGLARY OF A HOME,Haringey,15,65,87,106,75,64,80,83,93,89,63,84
BURGLARY,RES BURGLARY OF UNCONNECTED BUILDING,Haringey,4,24,19,15,17,18,25,35,22,21,14,20
DRUG OFFENCES,POSSESSION OF DRUGS,Haringey,82,84,56,134,102,88,83,58,78,74,94,80
DRUG OFFENCES,TRAFFICKING OF DRUGS,Haringey,35,39,74,76,51,42,38,44,31,56,27,30
FRAUD AND FORGERY,FRAUD AND FORGERY,Haringey,0,0,0,0,0,0,0,0,0,0,0,1
MISCELLANEOUS CRIMES AGAINST SOCIETY,MISC CRIMES AGAINST SOCIETY,Haringey,31,27,20,37,31,22,22,20,14,28,21,10
POSSESSION OF WEAPONS,POSSESSION OF WEAPONS,Haringey,19,25,13,32,23,19,15,21,9,17,15,20
PUBLIC ORDER OFFENCES,OTHER OFFENCES PUBLIC ORDER,Haringey,7,13,22,16,23,16,16,17,14,20,30,23
PUBLIC ORDER OFFENCES,PUBLIC FEAR ALARM OR DISTRESS,Haringey,93,118,121,137,101,110,90,93,82,78,113,82
PUBLIC ORDER OFFENCES,RACE OR RELIGIOUS AGG PUBLIC FEAR,Haringey,28,39,30,39,28,56,43,29,43,24,31,25
PUBLIC ORDER OFFENCES,VIOLENT DISORDER,Haringey,0,0,0,0,0,1,0,0,0,1,0,1
ROBBERY,ROBBERY OF BUSINESS PROPERTY,Haringey,12,15,9,7,7,9,6,10,8,16,11,24
ROBBERY,ROBBERY OF PERSONAL PROPERTY,Haringey,99,122,170,143,81,105,99,134,117,76,82,106
SEXUAL OFFENCES,OTHER SEXUAL OFFENCES,Haringey,42,49,50,44,32,40,32,39,31,24,32,40
SEXUAL OFFENCES,RAPE,Haringey,19,21,16,16,15,24,19,23,30,32,30,17
THEFT,BICYCLE THEFT,Haringey,31,31,36,26,35,37,37,35,28,20,30,39
THEFT,OTHER THEFT,Haringey,267,290,305,297,270,267,288,303,303,247,252,216
THEFT,SHOPLIFTING,Haringey,238,156,146,152,149,142,136,105,85,96,98,123
THEFT,THEFT FROM THE PERSON,Haringey,153,163,186,205,170,156,181,235,217,203,202,225
VEHICLE OFFENCES,AGGRAVATED VEHICLE TAKING,Haringey,2,2,3,0,4,1,1,1,0,4,0,3
VEHICLE OFFENCES,INTERFERING WITH A MOTOR VEHICLE,Haringey,15,21,26,23,18,38,31,29,24,23,26,27
VEHICLE OFFENCES,THEFT FROM A VEHICLE,Haringey,204,186,209,196,162,209,221,233,224,177,179,218
VEHICLE OFFENCES,THEFT OR UNAUTH TAKING OF A MOTOR VEH,Haringey,110,99,134,128,133,105,99,99,79,97,98,93
VIOLENCE AGAINST THE PERSON,DEATH SERIOUS INJURY ILLEGAL DRIVING,Haringey,1,0,0,0,0,0,0,1,0,0,1,0
VIOLENCE AGAINST THE PERSON,HOMICIDE,Haringey,1,0,0,3,0,1,0,0,0,1,0,0
VIOLENCE AGAINST THE PERSON,STALKING AND HARASSMENT,Haringey,140,170,140,154,125,136,181,136,147,140,142,132
VIOLENCE AGAINST THE PERSON,VIOLENCE WITH INJURY,Haringey,201,233,223,256,216,253,206,223,181,189,170,170
VIOLENCE AGAINST THE PERSON,VIOLENCE WITHOUT INJURY,Haringey,278,310,296,332,285,334,310,299,274,300,301,255
ARSON AND CRIMINAL DAMAGE,ARSON,Harrow,5,2,7,4,5,4,7,0,6,3,1,1
ARSON AND CRIMINAL DAMAGE,CRIMINAL DAMAGE,Harrow,81,90,88,88,66,82,82,80,85,91,93,74
BURGLARY,BURGLARY BUSINESS AND COMMUNITY,Harrow,10,11,18,14,22,12,19,27,24,26,30,10
BURGLARY,DOMESTIC BURGLARY,Harrow,62,2,1,0,0,0,0,0,0,0,0,0
BURGLARY,RES BURGLARY OF A HOME,Harrow,14,61,47,51,64,68,58,79,68,68,78,61
BURGLARY,RES BURGLARY OF UNCONNECTED BUILDING,Harrow,1,28,21,21,18,16,13,17,17,16,10,26
DRUG OFFENCES,POSSESSION OF DRUGS,Harrow,37,23,24,29,39,22,31,27,48,27,28,28
DRUG OFFENCES,TRAFFICKING OF DRUGS,Harrow,15,17,34,22,23,16,8,12,15,18,21,17
FRAUD AND FORGERY,FRAUD AND FORGERY,Harrow,0,0,0,0,0,0,0,0,0,0,0,1
MISCELLANEOUS CRIMES AGAINST SOCIETY,MISC CRIMES AGAINST SOCIETY,Harrow,25,17,22,18,11,29,16,12,12,19,17,18
POSSESSION OF WEAPONS,POSSESSION OF WEAPONS,Harrow,4,11,6,9,9,2,6,8,12,14,6,6
PUBLIC ORDER OFFENCES,OTHER OFFENCES PUBLIC ORDER,Harrow,7,9,10,8,4,11,13,12,16,10,6,11
PUBLIC ORDER OFFENCES,PUBLIC FEAR ALARM OR DISTRESS,Harrow,44,69,74,84,57,72,43,48,51,55,49,65
PUBLIC ORDER OFFENCES,RACE OR RELIGIOUS AGG PUBLIC FEAR,Harrow,23,19,31,17,13,9,19,20,19,23,22,20
PUBLIC ORDER OFFENCES,VIOLENT DISORDER,Harrow,0,1,0,0,1,0,0,0,0,0,0,0
ROBBERY,ROBBERY OF BUSINESS PROPERTY,Harrow,1,7,9,5,11,6,5,4,1,5,8,10
ROBBERY,ROBBERY OF PERSONAL PROPERTY,Harrow,31,29,33,20,27,26,34,29,28,39,29,35
SEXUAL OFFENCES,OTHER SEXUAL OFFENCES,Harrow,11,24,20,15,17,29,10,23,26,18,18,24
SEXUAL OFFENCES,RAPE,Harrow,13,11,15,8,4,17,12,12,5,4,6,13
THEFT,BICYCLE THEFT,Harrow,2,10,11,15,7,5,11,7,13,1,9,11
THEFT,OTHER THEFT,Harrow,131,148,170,158,126,156,144,131,127,139,150,138
THEFT,SHOPLIFTING,Harrow,48,69,86,76,98,107,72,76,76,103,105,122
THEFT,THEFT FROM THE PERSON,Harrow,44,44,26,37,27,35,34,55,66,42,61,61
VEHICLE OFFENCES,AGGRAVATED VEHICLE TAKING,Harrow,1,2,0,1,1,2,1,1,1,1,0,0
VEHICLE OFFENCES,INTERFERING WITH A MOTOR VEHICLE,Harrow,28,19,30,33,25,15,31,35,33,27,19,25
VEHICLE OFFENCES,THEFT FROM A VEHICLE,Harrow,136,114,98,112,144,121,116,112,114,107,81,125
VEHICLE OFFENCES,THEFT OR UNAUTH TAKING OF A MOTOR VEH,Harrow,49,60,56,47,52,59,48,71,65,52,49,64
VIOLENCE AGAINST THE PERSON,DEATH SERIOUS INJURY ILLEGAL DRIVING,Harrow,0,0,0,0,1,0,0,0,0,1,2,1
VIOLENCE AGAINST THE PERSON,HOMICIDE,Harrow,0,0,0,2,1,0,0,0,0,0,1,0
VIOLENCE AGAINST THE PERSON,STALKING AND HARASSMENT,Harrow,103,101,96,90,83,108,93,78,87,91,98,80
VIOLENCE AGAINST THE PERSON,VIOLENCE WITH INJURY,Harrow,129,152,153,135,110,124,97,113,111,112,88,99
VIOLENCE AGAINST THE PERSON,VIOLENCE WITHOUT INJURY,Harrow,180,208,204,174,160,176,190,195,180,169,211,230
ARSON AND CRIMINAL DAMAGE,ARSON,Havering,1,6,7,7,11,15,8,9,5,5,10,9
ARSON AND CRIMINAL DAMAGE,CRIMINAL DAMAGE,Havering,92,130,122,115,118,157,135,126,136,168,137,128
BURGLARY,BURGLARY BUSINESS AND COMMUNITY,Havering,25,33,30,15,17,30,38,35,33,35,39,42
BURGLARY,DOMESTIC BURGLARY,Havering,33,1,2,1,0,0,0,0,0,0,0,0
BURGLARY,RES BURGLARY OF A HOME,Havering,14,33,45,65,61,90,100,73,102,80,57,60
BURGLARY,RES BURGLARY OF UNCONNECTED BUILDING,Havering,1,1,7,12,11,10,9,6,10,10,12,13
DRUG OFFENCES,POSSESSION OF DRUGS,Havering,70,44,75,99,74,67,68,43,50,51,50,52
DRUG OFFENCES,TRAFFICKING OF DRUGS,Havering,16,17,30,19,24,37,14,22,13,16,11,25
FRAUD AND FORGERY,FRAUD AND FORGERY,Havering,0,0,0,0,0,0,0,0,0,0,0,0
MISCELLANEOUS CRIMES AGAINST SOCIETY,MISC CRIMES AGAINST SOCIETY,Havering,44,24,14,23,28,22,28,30,16,23,17,17
POSSESSION OF WEAPONS,POSSESSION OF WEAPONS,Havering,18,17,23,21,23,16,22,15,12,20,12,9
PUBLIC ORDER OFFENCES,OTHER OFFENCES PUBLIC ORDER,Havering,14,13,11,15,12,18,5,14,11,9,11,14
PUBLIC ORDER OFFENCES,PUBLIC FEAR ALARM OR DISTRESS,Havering,69,90,124,85,80,100,100,102,66,53,70,70
PUBLIC ORDER OFFENCES,RACE OR RELIGIOUS AGG PUBLIC FEAR,Havering,15,12,26,17,15,22,26,24,14,21,20,28
PUBLIC ORDER OFFENCES,VIOLENT DISORDER,Havering,0,0,0,0,0,0,0,0,0,0,0,0
ROBBERY,ROBBERY OF BUSINESS PROPERTY,Havering,8,11,5,6,4,9,7,15,12,13,11,10
ROBBERY,ROBBERY OF PERSONAL PROPERTY,Havering,37,37,33,26,22,26,33,38,46,49,51,31
SEXUAL OFFENCES,OTHER SEXUAL OFFENCES,Havering,22,26,35,38,28,31,22,28,29,25,38,30
SEXUAL OFFENCES,RAPE,Havering,19,18,16,17,14,19,22,14,20,13,22,16
THEFT,BICYCLE THEFT,Havering,5,10,12,12,7,13,9,9,7,5,4,16
THEFT,OTHER THEFT,Havering,164,197,168,172,179,181,164,164,182,171,178,120
THEFT,SHOPLIFTING,Havering,151,158,167,185,223,157,199,196,132,181,194,211
THEFT,THEFT FROM THE PERSON,Havering,35,26,31,41,44,31,35,44,26,30,30,64
VEHICLE OFFENCES,AGGRAVATED VEHICLE TAKING,Havering,1,6,4,2,0,4,2,6,4,1,0,2
VEHICLE OFFENCES,INTERFERING WITH A MOTOR VEHICLE,Havering,31,36,26,32,33,30,63,36,26,39,33,21
VEHICLE OFFENCES,THEFT FROM A VEHICLE,Havering,97,124,110,96,94,106,112,114,129,84,72,103
VEHICLE OFFENCES,THEFT OR UNAUTH TAKING OF A MOTOR VEH,Havering,108,111,87,108,98,110,107,103,77,108,79,109
VIOLENCE AGAINST THE PERSON,DEATH SERIOUS INJURY ILLEGAL DRIVING,Havering,0,0,0,0,0,0,0,0,0,0,0,0
VIOLENCE AGAINST THE PERSON,HOMICIDE,Havering,0,1,0,0,0,0,0,0,0,0,0,0
VIOLENCE AGAINST THE PERSON,STALKING AND HARASSMENT,Havering,174,129,173,153,150,122,130,153,130,135,171,124
VIOLENCE AGAINST THE PERSON,VIOLENCE WITH INJURY,Havering,168,205,202,198,179,192,158,175,197,165,204,126
VIOLENCE AGAINST THE PERSON,VIOLENCE WITHOUT INJURY,Havering,212,233,251,230,211,213,250,226,209,234,234,210
ARSON AND CRIMINAL DAMAGE,ARSON,Hillingdon,3,5,9,4,7,12,9,10,6,3,7,13
ARSON AND CRIMINAL DAMAGE,CRIMINAL DAMAGE,Hillingdon,150,162,170,142,142,146,141,154,108,176,158,175
BURGLARY,BURGLARY BUSINESS AND COMMUNITY,Hillingdon,29,37,25,36,33,27,28,36,42,18,36,55
BURGLARY,DOMESTIC BURGLARY,Hillingdon,51,2,1,0,0,0,0,0,0,0,0,0
BURGLARY,RES BURGLARY OF A HOME,Hillingdon,6,61,50,43,51,63,53,67,67,80,73,66
BURGLARY,RES BURGLARY OF UNCONNECTED BUILDING,Hillingdon,19,20,18,17,15,22,21,23,22,21,14,26
DRUG OFFENCES,POSSESSION OF DRUGS,Hillingdon,34,51,46,44,26,39,37,53,53,46,36,46
DRUG OFFENCES,TRAFFICKING OF DRUGS,Hillingdon,18,18,31,34,28,26,24,26,23,22,32,27
FRAUD AND FORGERY,FRAUD AND FORGERY,Hillingdon,0,0,0,0,0,0,0,0,0,0,0,1
MISCELLANEOUS CRIMES AGAINST SOCIETY,MISC CRIMES AGAINST SOCIETY,Hillingdon,82,31,30,30,33,30,25,15,21,26,34,133
NFIB FRAUD,NFIB,Hillingdon,0,0,0,0,0,0,0,0,0,0,0,1
POSSESSION OF WEAPONS,POSSESSION OF WEAPONS,Hillingdon,12,15,9,15,6,12,11,10,11,10,14,14
PUBLIC ORDER OFFENCES,OTHER OFFENCES PUBLIC ORDER,Hillingdon,12,14,12,15,11,17,12,14,15,14,22,23
PUBLIC ORDER OFFENCES,PUBLIC FEAR ALARM OR DISTRESS,Hillingdon,99,130,109,136,116,120,103,75,93,86,109,84
PUBLIC ORDER OFFENCES,RACE OR RELIGIOUS AGG PUBLIC FEAR,Hillingdon,25,30,34,23,25,24,28,29,23,13,14,31
PUBLIC ORDER OFFENCES,VIOLENT DISORDER,Hillingdon,0,0,0,0,0,0,0,0,0,0,0,0
ROBBERY,ROBBERY OF BUSINESS PROPERTY,Hillingdon,8,6,5,13,11,9,5,14,14,12,9,22
ROBBERY,ROBBERY OF PERSONAL PROPERTY,Hillingdon,27,46,31,22,29,25,38,27,36,34,35,29
SEXUAL OFFENCES,OTHER SEXUAL OFFENCES,Hillingdon,32,36,27,34,31,35,30,39,13,33,27,23
SEXUAL OFFENCES,RAPE,Hillingdon,18,13,17,18,9,14,16,18,13,15,20,19
THEFT,BICYCLE THEFT,Hillingdon,22,20,19,21,31,25,27,19,13,10,12,16
THEFT,OTHER THEFT,Hillingdon,238,188,198,207,215,205,218,201,197,185,207,312
THEFT,SHOPLIFTING,Hillingdon,154,122,152,166,163,178,172,149,130,141,177,241
THEFT,THEFT FROM THE PERSON,Hillingdon,31,26,26,32,16,27,33,45,55,47,26,58
VEHICLE OFFENCES,AGGRAVATED VEHICLE TAKING,Hillingdon,4,2,3,1,0,1,2,1,5,1,0,1
VEHICLE OFFENCES,INTERFERING WITH A MOTOR VEHICLE,Hillingdon,23,29,21,30,47,47,37,52,46,51,38,49
VEHICLE OFFENCES,THEFT FROM A VEHICLE,Hillingdon,178,153,159,149,198,201,211,198,206,243,167,168
VEHICLE OFFENCES,THEFT OR UNAUTH TAKING OF A MOTOR VEH,Hillingdon,64,76,66,63,59,68,58,71,70,79,66,76
VIOLENCE AGAINST THE PERSON,DEATH SERIOUS INJURY ILLEGAL DRIVING,Hillingdon,1,0,0,1,1,0,0,0,0,0,0,1
VIOLENCE AGAINST THE PERSON,HOMICIDE,Hillingdon,0,1,0,2,1,0,0,0,0,0,0,1
VIOLENCE AGAINST THE PERSON,STALKING AND HARASSMENT,Hillingdon,165,195,180,169,174,167,139,160,121,153,170,139
VIOLENCE AGAINST THE PERSON,VIOLENCE WITH INJURY,Hillingdon,160,216,236,221,186,191,180,145,193,196,183,186
VIOLENCE AGAINST THE PERSON,VIOLENCE WITHOUT INJURY,Hillingdon,256,272,326,297,257,257,270,270,267,319,268,323
ARSON AND CRIMINAL DAMAGE,ARSON,Hounslow,3,12,6,20,10,5,3,9,5,8,6,6
ARSON AND CRIMINAL DAMAGE,CRIMINAL DAMAGE,Hounslow,172,170,146,178,166,186,161,171,169,151,141,142
BURGLARY,BURGLARY BUSINESS AND COMMUNITY,Hounslow,36,60,44,46,49,42,44,33,64,53,67,55
BURGLARY,DOMESTIC BURGLARY,Hounslow,67,2,3,0,0,0,0,0,0,0,0,0
BURGLARY,RES BURGLARY OF A HOME,Hounslow,6,71,80,71,86,127,74,120,113,109,99,61
BURGLARY,RES BURGLARY OF UNCONNECTED BUILDING,Hounslow,13,25,26,18,29,26,19,21,15,19,18,28
DRUG OFFENCES,POSSESSION OF DRUGS,Hounslow,51,45,58,51,60,57,41,40,38,58,30,48
DRUG OFFENCES,TRAFFICKING OF DRUGS,Hounslow,37,35,30,26,35,39,22,48,23,29,28,23
FRAUD AND FORGERY,FRAUD AND FORGERY,Hounslow,0,0,0,0,0,0,0,0,0,0,0,0
MISCELLANEOUS CRIMES AGAINST SOCIETY,MISC CRIMES AGAINST SOCIETY,Hounslow,28,20,37,28,43,40,34,29,31,31,21,23
POSSESSION OF WEAPONS,POSSESSION OF WEAPONS,Hounslow,14,19,21,17,14,24,14,9,16,10,15,8
PUBLIC ORDER OFFENCES,OTHER OFFENCES PUBLIC ORDER,Hounslow,14,23,13,18,14,25,24,13,21,13,25,16
PUBLIC ORDER OFFENCES,PUBLIC FEAR ALARM OR DISTRESS,Hounslow,112,115,134,156,123,124,112,110,106,110,138,83
PUBLIC ORDER OFFENCES,RACE OR RELIGIOUS AGG PUBLIC FEAR,Hounslow,21,33,15,37,42,33,32,28,26,16,23,43
PUBLIC ORDER OFFENCES,VIOLENT DISORDER,Hounslow,0,0,0,0,0,0,0,0,0,2,1,1
ROBBERY,ROBBERY OF BUSINESS PROPERTY,Hounslow,10,9,6,5,10,6,4,12,9,10,13,11
ROBBERY,ROBBERY OF PERSONAL PROPERTY,Hounslow,32,52,43,36,39,52,65,53,37,40,59,35
SEXUAL OFFENCES,OTHER SEXUAL OFFENCES,Hounslow,23,40,42,58,34,28,35,36,30,33,30,45
SEXUAL OFFENCES,RAPE,Hounslow,15,35,20,27,20,15,17,25,17,13,19,17
THEFT,BICYCLE THEFT,Hounslow,50,64,61,62,53,57,56,28,30,30,28,38
THEFT,OTHER THEFT,Hounslow,227,237,243,263,271,271,248,256,221,210,238,206
THEFT,SHOPLIFTING,Hounslow,121,125,148,204,188,162,133,174,134,151,188,226
THEFT,THEFT FROM THE PERSON,Hounslow,28,50,42,41,63,53,41,61,55,43,52,75
VEHICLE OFFENCES,AGGRAVATED VEHICLE TAKING,Hounslow,0,5,1,2,0,2,2,1,2,0,1,0
VEHICLE OFFENCES,INTERFERING WITH A MOTOR VEHICLE,Hounslow,25,23,21,43,52,49,41,44,24,45,26,28
VEHICLE OFFENCES,THEFT FROM A VEHICLE,Hounslow,170,189,179,195,214,220,234,279,179,197,184,180
VEHICLE OFFENCES,THEFT OR UNAUTH TAKING OF A MOTOR VEH,Hounslow,94,120,93,82,89,103,74,75,64,75,59,64
VIOLENCE AGAINST THE PERSON,DEATH SERIOUS INJURY ILLEGAL DRIVING,Hounslow,0,0,0,0,2,0,0,1,0,2,2,0
VIOLENCE AGAINST THE PERSON,HOMICIDE,Hounslow,1,0,3,0,1,0,1,1,0,2,0,0
VIOLENCE AGAINST THE PERSON,STALKING AND HARASSMENT,Hounslow,164,203,187,194,170,191,172,190,184,160,157,161
VIOLENCE AGAINST THE PERSON,VIOLENCE WITH INJURY,Hounslow,198,243,255,241,235,255,190,217,233,218,204,187
VIOLENCE AGAINST THE PERSON,VIOLENCE WITHOUT INJURY,Hounslow,296,343,361,366,342,396,314,327,380,298,348,316
ARSON AND CRIMINAL DAMAGE,ARSON,Islington,2,6,7,5,5,6,2,2,1,4,5,3
ARSON AND CRIMINAL DAMAGE,CRIMINAL DAMAGE,Islington,117,124,144,145,123,110,124,155,128,130,112,117
BURGLARY,BURGLARY BUSINESS AND COMMUNITY,Islington,79,51,56,66,59,57,59,73,51,44,37,59
BURGLARY,DOMESTIC BURGLARY,Islington,76,1,4,2,0,0,0,0,0,0,0,0
BURGLARY,RES BURGLARY OF A HOME,Islington,9,57,69,70,92,88,51,55,58,68,55,64
BURGLARY,RES BURGLARY OF UNCONNECTED BUILDING,Islington,2,27,23,28,32,23,33,41,35,35,35,30
DRUG OFFENCES,POSSESSION OF DRUGS,Islington,52,81,71,79,59,69,80,69,75,66,90,56
DRUG OFFENCES,TRAFFICKING OF DRUGS,Islington,30,35,33,23,26,45,25,32,23,33,22,26
FRAUD AND FORGERY,FRAUD AND FORGERY,Islington,0,0,0,0,0,0,0,0,0,0,0,1
MISCELLANEOUS CRIMES AGAINST SOCIETY,MISC CRIMES AGAINST SOCIETY,Islington,40,43,37,27,25,27,48,32,28,27,16,11
NFIB FRAUD,NFIB,Islington,0,0,0,0,0,0,0,0,0,0,0,2
POSSESSION OF WEAPONS,POSSESSION OF WEAPONS,Islington,19,19,23,18,29,16,18,14,18,14,15,9
PUBLIC ORDER OFFENCES,OTHER OFFENCES PUBLIC ORDER,Islington,25,18,21,17,22,15,20,19,16,18,16,20
PUBLIC ORDER OFFENCES,PUBLIC FEAR ALARM OR DISTRESS,Islington,133,124,150,123,116,99,100,88,80,97,118,84
PUBLIC ORDER OFFENCES,RACE OR RELIGIOUS AGG PUBLIC FEAR,Islington,38,26,36,26,27,27,24,22,35,21,24,20
PUBLIC ORDER OFFENCES,VIOLENT DISORDER,Islington,0,2,0,0,0,0,0,0,0,0,0,0
ROBBERY,ROBBERY OF BUSINESS PROPERTY,Islington,19,11,23,20,13,10,9,15,18,16,11,19
ROBBERY,ROBBERY OF PERSONAL PROPERTY,Islington,108,87,84,102,80,80,90,87,69,83,63,77
SEXUAL OFFENCES,OTHER SEXUAL OFFENCES,Islington,33,40,49,34,34,32,36,34,44,40,24,32
SEXUAL OFFENCES,RAPE,Islington,22,23,22,23,22,24,19,17,30,23,27,24
THEFT,BICYCLE THEFT,Islington,51,59,64,72,75,69,74,58,33,46,64,90
THEFT,OTHER THEFT,Islington,361,478,418,408,367,391,435,442,395,411,439,262
THEFT,SHOPLIFTING,Islington,196,179,178,152,179,148,137,113,140,167,177,176
THEFT,THEFT FROM THE PERSON,Islington,229,245,183,222,210,217,212,260,239,255,255,309
VEHICLE OFFENCES,AGGRAVATED VEHICLE TAKING,Islington,2,0,0,0,0,2,0,0,0,0,1,0
VEHICLE OFFENCES,INTERFERING WITH A MOTOR VEHICLE,Islington,18,14,11,18,6,18,24,7,18,19,16,16
VEHICLE OFFENCES,THEFT FROM A VEHICLE,Islington,138,126,122,116,130,138,151,112,115,118,107,150
VEHICLE OFFENCES,THEFT OR UNAUTH TAKING OF A MOTOR VEH,Islington,46,34,43,54,51,46,36,61,46,42,35,32
VIOLENCE AGAINST THE PERSON,DEATH SERIOUS INJURY ILLEGAL DRIVING,Islington,0,2,0,0,0,0,0,0,0,0,0,1
VIOLENCE AGAINST THE PERSON,HOMICIDE,Islington,0,0,2,0,1,0,0,0,1,0,0,0
VIOLENCE AGAINST THE PERSON,STALKING AND HARASSMENT,Islington,116,143,155,160,164,140,146,128,146,121,141,121
VIOLENCE AGAINST THE PERSON,VIOLENCE WITH INJURY,Islington,192,200,208,224,205,200,180,188,182,168,160,166
VIOLENCE AGAINST THE PERSON,VIOLENCE WITHOUT INJURY,Islington,259,251,285,270,273,243,248,240,235,254,236,239
ARSON AND CRIMINAL DAMAGE,ARSON,Kensington and Chelsea,0,0,1,2,2,2,4,2,1,2,2,3
ARSON AND CRIMINAL DAMAGE,CRIMINAL DAMAGE,Kensington and Chelsea,83,111,90,90,108,111,100,97,85,102,101,85
BURGLARY,BURGLARY BUSINESS AND COMMUNITY,Kensington and Chelsea,56,51,42,32,56,40,35,35,43,47,32,39
BURGLARY,DOMESTIC BURGLARY,Kensington and Chelsea,65,2,3,1,0,0,0,0,0,0,0,0
BURGLARY,RES BURGLARY OF A HOME,Kensington and Chelsea,11,68,70,59,72,56,71,45,65,61,58,52
BURGLARY,RES BURGLARY OF UNCONNECTED BUILDING,Kensington and Chelsea,2,14,8,21,13,21,19,24,18,12,26,18
DRUG OFFENCES,POSSESSION OF DRUGS,Kensington and Chelsea,37,46,34,40,198,53,67,39,33,36,37,25
DRUG OFFENCES,TRAFFICKING OF DRUGS,Kensington and Chelsea,12,10,11,10,20,17,12,9,7,14,14,22
FRAUD AND FORGERY,FRAUD AND FORGERY,Kensington and Chelsea,0,0,0,0,0,0,0,0,0,0,1,3
MISCELLANEOUS CRIMES AGAINST SOCIETY,MISC CRIMES AGAINST SOCIETY,Kensington and Chelsea,9,13,8,18,16,12,7,8,13,9,12,11
POSSESSION OF WEAPONS,POSSESSION OF WEAPONS,Kensington and Chelsea,8,5,8,12,51,5,13,3,9,12,9,3
PUBLIC ORDER OFFENCES,OTHER OFFENCES PUBLIC ORDER,Kensington and Chelsea,14,4,8,6,14,10,14,13,11,6,7,7
PUBLIC ORDER OFFENCES,PUBLIC FEAR ALARM OR DISTRESS,Kensington and Chelsea,70,90,100,80,82,100,76,82,52,54,59,64
PUBLIC ORDER OFFENCES,RACE OR RELIGIOUS AGG PUBLIC FEAR,Kensington and Chelsea,20,27,19,22,26,27,17,26,15,13,12,29
PUBLIC ORDER OFFENCES,VIOLENT DISORDER,Kensington and Chelsea,0,0,0,0,2,0,0,0,0,0,0,0
ROBBERY,ROBBERY OF BUSINESS PROPERTY,Kensington and Chelsea,4,9,8,11,5,8,8,14,10,8,7,11
ROBBERY,ROBBERY OF PERSONAL PROPERTY,Kensington and Chelsea,44,59,65,37,73,48,50,60,61,58,50,40
SEXUAL OFFENCES,OTHER SEXUAL OFFENCES,Kensington and Chelsea,24,28,20,28,57,41,32,13,27,23,20,21
SEXUAL OFFENCES,RAPE,Kensington and Chelsea,8,15,24,18,19,13,13,13,10,17,16,15
THEFT,BICYCLE THEFT,Kensington and Chelsea,28,49,64,60,43,70,79,48,25,28,22,27
THEFT,OTHER THEFT,Kensington and Chelsea,357,405,450,461,430,343,446,420,345,317,403,318
THEFT,SHOPLIFTING,Kensington and Chelsea,114,131,153,162,139,137,146,163,160,171,157,169
THEFT,THEFT FROM THE PERSON,Kensington and Chelsea,187,184,180,147,257,130,203,281,241,226,245,309
VEHICLE OFFENCES,AGGRAVATED VEHICLE TAKING,Kensington and Chelsea,0,1,3,3,2,1,0,0,2,1,0,0
VEHICLE OFFENCES,INTERFERING WITH A MOTOR VEHICLE,Kensington and Chelsea,14,13,16,19,15,16,22,21,16,27,10,24
VEHICLE OFFENCES,THEFT FROM A VEHICLE,Kensington and Chelsea,183,157,141,148,175,147,181,209,153,193,237,186
VEHICLE OFFENCES,THEFT OR UNAUTH TAKING OF A MOTOR VEH,Kensington and Chelsea,63,67,46,62,48,58,42,68,44,53,48,36
VIOLENCE AGAINST THE PERSON,DEATH SERIOUS INJURY ILLEGAL DRIVING,Kensington and Chelsea,0,0,1,0,1,0,1,1,0,0,0,0
VIOLENCE AGAINST THE PERSON,HOMICIDE,Kensington and Chelsea,0,0,0,0,0,0,0,0,0,0,0,1
VIOLENCE AGAINST THE PERSON,STALKING AND HARASSMENT,Kensington and Chelsea,79,87,92,89,86,84,99,97,78,87,85,72
VIOLENCE AGAINST THE PERSON,VIOLENCE WITH INJURY,Kensington and Chelsea,108,107,130,109,218,117,115,102,137,86,92,84
VIOLENCE AGAINST THE PERSON,VIOLENCE WITHOUT INJURY,Kensington and Chelsea,149,196,165,178,231,175,152,155,161,161,171,190
ARSON AND CRIMINAL DAMAGE,ARSON,Kingston upon Thames,4,3,4,4,4,1,0,1,0,4,3,4
ARSON AND CRIMINAL DAMAGE,CRIMINAL DAMAGE,Kingston upon Thames,76,65,71,69,88,75,72,62,74,108,80,61
BURGLARY,BURGLARY BUSINESS AND COMMUNITY,Kingston upon Thames,9,20,37,20,17,15,23,10,9,13,6,16
BURGLARY,DOMESTIC BURGLARY,Kingston upon Thames,38,1,0,0,0,0,0,0,0,0,0,0
BURGLARY,RES BURGLARY OF A HOME,Kingston upon Thames,7,39,26,35,34,26,23,18,30,24,31,39
BURGLARY,RES BURGLARY OF UNCONNECTED BUILDING,Kingston upon Thames,4,20,22,18,14,29,24,14,16,11,8,13
DRUG OFFENCES,POSSESSION OF DRUGS,Kingston upon Thames,70,62,56,57,49,42,45,35,45,40,51,18
DRUG OFFENCES,TRAFFICKING OF DRUGS,Kingston upon Thames,4,8,14,14,10,16,15,17,4,13,9,13
FRAUD AND FORGERY,FRAUD AND FORGERY,Kingston upon Thames,0,0,0,0,0,0,0,0,0,0,0,0
MISCELLANEOUS CRIMES AGAINST SOCIETY,MISC CRIMES AGAINST SOCIETY,Kingston upon Thames,16,20,19,4,12,8,12,11,6,13,3,5
POSSESSION OF WEAPONS,POSSESSION OF WEAPONS,Kingston upon Thames,9,7,6,10,7,7,4,6,6,3,6,3
PUBLIC ORDER OFFENCES,OTHER OFFENCES PUBLIC ORDER,Kingston upon Thames,2,6,10,7,12,10,8,9,11,7,7,9
PUBLIC ORDER OFFENCES,PUBLIC FEAR ALARM OR DISTRESS,Kingston upon Thames,49,48,44,53,48,55,45,40,28,34,31,42
PUBLIC ORDER OFFENCES,RACE OR RELIGIOUS AGG PUBLIC FEAR,Kingston upon Thames,11,28,21,9,16,9,14,10,14,9,10,4
PUBLIC ORDER OFFENCES,VIOLENT DISORDER,Kingston upon Thames,0,0,0,0,0,0,0,0,0,0,0,0
ROBBERY,ROBBERY OF BUSINESS PROPERTY,Kingston upon Thames,3,3,3,2,4,4,4,6,2,1,7,5
ROBBERY,ROBBERY OF PERSONAL PROPERTY,Kingston upon Thames,14,13,20,12,10,13,6,7,6,7,13,24
SEXUAL OFFENCES,OTHER SEXUAL OFFENCES,Kingston upon Thames,11,27,20,16,21,21,23,26,11,15,12,21
SEXUAL OFFENCES,RAPE,Kingston upon Thames,13,11,4,6,4,9,10,8,7,7,10,7
THEFT,BICYCLE THEFT,Kingston upon Thames,44,34,49,69,57,55,39,29,20,19,21,16
THEFT,OTHER THEFT,Kingston upon Thames,89,133,158,147,145,133,136,120,96,90,104,102
THEFT,SHOPLIFTING,Kingston upon Thames,70,92,93,88,94,66,91,107,84,102,112,101
THEFT,THEFT FROM THE PERSON,Kingston upon Thames,61,49,38,38,35,38,45,54,55,35,39,47
VEHICLE OFFENCES,AGGRAVATED VEHICLE TAKING,Kingston upon Thames,1,0,0,1,0,1,1,1,1,1,2,1
VEHICLE OFFENCES,INTERFERING WITH A MOTOR VEHICLE,Kingston upon Thames,9,9,15,12,12,22,9,16,11,13,8,7
VEHICLE OFFENCES,THEFT FROM A VEHICLE,Kingston upon Thames,44,34,45,67,45,57,38,38,41,42,41,36
VEHICLE OFFENCES,THEFT OR UNAUTH TAKING OF A MOTOR VEH,Kingston upon Thames,34,32,29,29,35,28,34,35,28,38,23,18
VIOLENCE AGAINST THE PERSON,DEATH SERIOUS INJURY ILLEGAL DRIVING,Kingston upon Thames,0,0,0,0,0,0,0,0,1,1,0,1
VIOLENCE AGAINST THE PERSON,HOMICIDE,Kingston upon Thames,0,0,0,0,0,0,0,0,0,0,0,0
VIOLENCE AGAINST THE PERSON,STALKING AND HARASSMENT,Kingston upon Thames,69,81,87,58,72,65,63,72,61,77,71,74
VIOLENCE AGAINST THE PERSON,VIOLENCE WITH INJURY,Kingston upon Thames,89,90,72,83,94,97,91,82,104,87,102,70
VIOLENCE AGAINST THE PERSON,VIOLENCE WITHOUT INJURY,Kingston upon Thames,103,139,114,112,108,121,126,137,143,127,114,115
ARSON AND CRIMINAL DAMAGE,ARSON,Lambeth,4,6,9,3,7,7,0,7,7,7,11,8
ARSON AND CRIMINAL DAMAGE,CRIMINAL DAMAGE,Lambeth,196,175,168,167,175,192,177,196,196,177,175,210
BURGLARY,BURGLARY BUSINESS AND COMMUNITY,Lambeth,44,80,67,77,59,44,56,44,52,54,45,55
BURGLARY,DOMESTIC BURGLARY,Lambeth,91,3,4,1,0,0,0,0,0,0,0,0
BURGLARY,RES BURGLARY OF A HOME,Lambeth,15,83,100,111,96,97,62,75,78,51,72,67
BURGLARY,RES BURGLARY OF UNCONNECTED BUILDING,Lambeth,6,44,36,44,42,34,37,43,32,49,31,50
DRUG OFFENCES,POSSESSION OF DRUGS,Lambeth,71,85,80,71,89,101,85,65,62,98,58,46
DRUG OFFENCES,TRAFFICKING OF DRUGS,Lambeth,30,29,31,43,38,39,50,40,31,32,36,33
FRAUD AND FORGERY,FRAUD AND FORGERY,Lambeth,0,0,0,0,0,0,0,0,0,0,0,0
MISCELLANEOUS CRIMES AGAINST SOCIETY,MISC CRIMES AGAINST SOCIETY,Lambeth,20,29,22,32,35,28,47,24,26,16,24,26
POSSESSION OF WEAPONS,POSSESSION OF WEAPONS,Lambeth,20,30,30,35,26,19,26,17,14,22,20,19
PUBLIC ORDER OFFENCES,OTHER OFFENCES PUBLIC ORDER,Lambeth,20,20,21,23,26,22,24,59,48,23,15,32
PUBLIC ORDER OFFENCES,PUBLIC FEAR ALARM OR DISTRESS,Lambeth,107,142,163,153,163,155,116,119,120,105,122,107
PUBLIC ORDER OFFENCES,RACE OR RELIGIOUS AGG PUBLIC FEAR,Lambeth,33,43,35,26,42,53,33,41,44,51,36,41
PUBLIC ORDER OFFENCES,VIOLENT DISORDER,Lambeth,0,0,0,0,0,0,1,1,1,0,0,0
ROBBERY,ROBBERY OF BUSINESS PROPERTY,Lambeth,9,10,18,21,25,14,17,17,19,32,20,28
ROBBERY,ROBBERY OF PERSONAL PROPERTY,Lambeth,194,143,117,161,133,135,127,122,179,175,149,153
SEXUAL OFFENCES,OTHER SEXUAL OFFENCES,Lambeth,53,65,58,56,45,64,50,51,46,53,41,59
SEXUAL OFFENCES,RAPE,Lambeth,29,35,32,33,31,35,27,21,27,24,44,41
THEFT,BICYCLE THEFT,Lambeth,47,62,75,62,75,80,60,61,51,50,75,75
THEFT,OTHER THEFT,Lambeth,506,540,550,520,455,399,472,469,477,440,418,359
THEFT,SHOPLIFTING,Lambeth,147,132,189,141,187,143,147,153,160,149,184,229
THEFT,THEFT FROM THE PERSON,Lambeth,287,305,250,269,220,238,253,305,286,266,294,454
VEHICLE OFFENCES,AGGRAVATED VEHICLE TAKING,Lambeth,3,1,0,3,1,2,1,0,1,3,1,1
VEHICLE OFFENCES,INTERFERING WITH A MOTOR VEHICLE,Lambeth,17,28,30,23,33,32,32,41,32,37,58,53
VEHICLE OFFENCES,THEFT FROM A VEHICLE,Lambeth,125,120,125,153,145,145,127,145,151,155,179,235
VEHICLE OFFENCES,THEFT OR UNAUTH TAKING OF A MOTOR VEH,Lambeth,58,85,67,95,76,77,66,90,71,64,68,113
VIOLENCE AGAINST THE PERSON,DEATH SERIOUS INJURY ILLEGAL DRIVING,Lambeth,0,3,0,3,1,0,0,0,0,0,0,0
VIOLENCE AGAINST THE PERSON,HOMICIDE,Lambeth,1,1,0,0,0,2,1,1,0,0,1,0
VIOLENCE AGAINST THE PERSON,STALKING AND HARASSMENT,Lambeth,194,149,187,170,193,177,176,169,177,180,170,164
VIOLENCE AGAINST THE PERSON,VIOLENCE WITH INJURY,Lambeth,271,309,322,330,302,293,307,273,261,228,249,223
VIOLENCE AGAINST THE PERSON,VIOLENCE WITHOUT INJURY,Lambeth,318,334,371,357,317,350,356,329,351,331,337,284
ARSON AND CRIMINAL DAMAGE,ARSON,Lewisham,9,5,9,7,5,10,8,3,2,5,8,9
ARSON AND CRIMINAL DAMAGE,CRIMINAL DAMAGE,Lewisham,184,191,203,198,169,176,180,165,174,191,172,130
BURGLARY,BURGLARY BUSINESS AND COMMUNITY,Lewisham,36,44,45,48,39,39,24,27,35,46,45,38
BURGLARY,DOMESTIC BURGLARY,Lewisham,88,1,3,0,0,0,0,0,0,0,0,0
BURGLARY,RES BURGLARY OF A HOME,Lewisham,16,84,91,91,106,84,88,92,96,111,85,94
BURGLARY,RES BURGLARY OF UNCONNECTED BUILDING,Lewisham,12,74,27,22,22,27,29,22,28,27,29,35
DRUG OFFENCES,POSSESSION OF DRUGS,Lewisham,94,73,84,99,105,91,80,54,63,81,73,72
DRUG OFFENCES,TRAFFICKING OF DRUGS,Lewisham,42,48,49,51,50,36,32,30,25,31,26,28
FRAUD AND FORGERY,FRAUD AND FORGERY,Lewisham,0,0,0,0,0,0,0,0,0,0,0,0
MISCELLANEOUS CRIMES AGAINST SOCIETY,MISC CRIMES AGAINST SOCIETY,Lewisham,26,25,29,30,32,33,27,20,18,32,23,29
POSSESSION OF WEAPONS,POSSESSION OF WEAPONS,Lewisham,17,16,32,30,27,26,18,13,17,21,23,23
PUBLIC ORDER OFFENCES,OTHER OFFENCES PUBLIC ORDER,Lewisham,16,14,25,22,16,16,16,29,29,18,11,18
PUBLIC ORDER OFFENCES,PUBLIC FEAR ALARM OR DISTRESS,Lewisham,144,141,158,141,150,127,129,95,103,116,135,117
PUBLIC ORDER OFFENCES,RACE OR RELIGIOUS AGG PUBLIC FEAR,Lewisham,19,22,37,32,41,35,30,23,29,32,33,28
PUBLIC ORDER OFFENCES,VIOLENT DISORDER,Lewisham,0,0,0,0,0,0,0,0,0,0,0,0
ROBBERY,ROBBERY OF BUSINESS PROPERTY,Lewisham,12,17,15,6,18,8,13,14,16,21,10,11
ROBBERY,ROBBERY OF PERSONAL PROPERTY,Lewisham,44,63,54,67,59,76,45,92,69,56,43,50
SEXUAL OFFENCES,OTHER SEXUAL OFFENCES,Lewisham,37,58,52,38,37,43,35,40,43,35,33,46
SEXUAL OFFENCES,RAPE,Lewisham,36,30,35,43,38,31,35,18,15,29,26,42
THEFT,BICYCLE THEFT,Lewisham,32,38,25,23,31,34,25,30,32,17,50,47
THEFT,OTHER THEFT,Lewisham,223,252,265,252,256,272,266,259,267,281,221,255
THEFT,SHOPLIFTING,Lewisham,144,234,273,207,197,154,178,171,189,149,176,251
THEFT,THEFT FROM THE PERSON,Lewisham,74,74,104,87,103,99,84,115,101,91,86,137
VEHICLE OFFENCES,AGGRAVATED VEHICLE TAKING,Lewisham,0,4,1,2,3,1,3,1,4,0,1,2
VEHICLE OFFENCES,INTERFERING WITH A MOTOR VEHICLE,Lewisham,31,37,21,30,28,23,21,33,24,29,36,38
VEHICLE OFFENCES,THEFT FROM A VEHICLE,Lewisham,126,158,160,138,136,132,107,109,103,134,152,174
VEHICLE OFFENCES,THEFT OR UNAUTH TAKING OF A MOTOR VEH,Lewisham,108,98,115,108,121,96,87,87,103,117,102,114
VIOLENCE AGAINST THE PERSON,DEATH SERIOUS INJURY ILLEGAL DRIVING,Lewisham,0,0,4,1,0,0,1,1,2,0,0,0
VIOLENCE AGAINST THE PERSON,HOMICIDE,Lewisham,0,1,0,1,1,0,1,0,0,1,0,2
VIOLENCE AGAINST THE PERSON,STALKING AND HARASSMENT,Lewisham,209,181,239,225,176,230,181,197,152,187,199,201
VIOLENCE AGAINST THE PERSON,VIOLENCE WITH INJURY,Lewisham,293,278,328,279,288,285,222,242,248,218,240,210
VIOLENCE AGAINST THE PERSON,VIOLENCE WITHOUT INJURY,Lewisham,333,330,370,338,362,347,308,309,342,288,288,322
ARSON AND CRIMINAL DAMAGE,ARSON,London Heathrow and London City Airports,0,2,2,2,0,0,0,0,1,3,0,0
ARSON AND CRIMINAL DAMAGE,CRIMINAL DAMAGE,London Heathrow and London City Airports,0,13,18,16,23,24,19,17,36,25,27,0
BURGLARY,BURGLARY BUSINESS AND COMMUNITY,London Heathrow and London City Airports,1,4,2,2,4,6,3,1,4,2,9,0
BURGLARY,RES BURGLARY OF A HOME,London Heathrow and London City Airports,0,4,3,6,11,12,1,7,8,11,7,0
BURGLARY,RES BURGLARY OF UNCONNECTED BUILDING,London Heathrow and London City Airports,0,3,2,2,3,2,0,3,3,1,0,0
DRUG OFFENCES,POSSESSION OF DRUGS,London Heathrow and London City Airports,1,5,8,6,7,2,8,9,11,5,5,0
DRUG OFFENCES,TRAFFICKING OF DRUGS,London Heathrow and London City Airports,0,5,3,2,5,3,3,0,4,3,0,0
MISCELLANEOUS CRIMES AGAINST SOCIETY,MISC CRIMES AGAINST SOCIETY,London Heathrow and London City Airports,8,94,118,116,97,114,129,105,103,97,76,0
POSSESSION OF WEAPONS,POSSESSION OF WEAPONS,London Heathrow and London City Airports,0,3,1,1,0,0,3,1,2,3,3,0
PUBLIC ORDER OFFENCES,OTHER OFFENCES PUBLIC ORDER,London Heathrow and London City Airports,0,1,3,4,0,4,4,0,7,1,7,0
PUBLIC ORDER OFFENCES,PUBLIC FEAR ALARM OR DISTRESS,London Heathrow and London City Airports,0,17,17,23,19,14,10,17,22,19,11,0
PUBLIC ORDER OFFENCES,RACE OR RELIGIOUS AGG PUBLIC FEAR,London Heathrow and London City Airports,0,6,4,7,1,5,8,6,3,10,9,0
ROBBERY,ROBBERY OF BUSINESS PROPERTY,London Heathrow and London City Airports,0,0,2,0,0,0,0,0,1,2,2,0
ROBBERY,ROBBERY OF PERSONAL PROPERTY,London Heathrow and London City Airports,0,2,2,0,1,3,1,1,3,5,5,0
SEXUAL OFFENCES,OTHER SEXUAL OFFENCES,London Heathrow and London City Airports,0,1,10,4,9,9,7,8,17,15,4,0
SEXUAL OFFENCES,RAPE,London Heathrow and London City Airports,0,5,4,1,0,2,1,3,1,4,1,0
THEFT,BICYCLE THEFT,London Heathrow and London City Airports,0,2,2,0,0,5,2,0,0,2,0,0
THEFT,OTHER THEFT,London Heathrow and London City Airports,1,75,60,73,86,100,113,101,107,125,86,0
THEFT,SHOPLIFTING,London Heathrow and London City Airports,0,13,24,21,21,20,21,27,28,29,27,0
THEFT,THEFT FROM THE PERSON,London Heathrow and London City Airports,0,8,7,6,3,2,6,5,4,7,2,0
VEHICLE OFFENCES,AGGRAVATED VEHICLE TAKING,London Heathrow and London City Airports,0,1,0,0,1,0,0,0,0,0,0,0
VEHICLE OFFENCES,INTERFERING WITH A MOTOR VEHICLE,London Heathrow and London City Airports,0,3,17,12,8,11,19,21,15,11,2,0
VEHICLE OFFENCES,THEFT FROM A VEHICLE,London Heathrow and London City Airports,0,15,48,37,40,55,55,59,41,39,31,0
VEHICLE OFFENCES,THEFT OR UNAUTH TAKING OF A MOTOR VEH,London Heathrow and London City Airports,1,9,10,9,8,5,9,11,4,15,14,0
VIOLENCE AGAINST THE PERSON,DEATH SERIOUS INJURY ILLEGAL DRIVING,London Heathrow and London City Airports,0,1,0,1,0,0,0,0,0,0,0,0
VIOLENCE AGAINST THE PERSON,STALKING AND HARASSMENT,London Heathrow and London City Airports,0,12,13,11,22,16,16,13,11,21,15,0
VIOLENCE AGAINST THE PERSON,VIOLENCE WITH INJURY,London Heathrow and London City Airports,1,22,22,39,20,30,23,14,32,27,24,0
VIOLENCE AGAINST THE PERSON,VIOLENCE WITHOUT INJURY,London Heathrow and London City Airports,4,42,26,42,45,55,36,47,48,60,41,0
ARSON AND CRIMINAL DAMAGE,ARSON,Merton,2,1,6,3,10,2,2,2,0,3,1,0
ARSON AND CRIMINAL DAMAGE,CRIMINAL DAMAGE,Merton,80,88,102,98,94,94,88,91,86,82,67,92
BURGLARY,BURGLARY BUSINESS AND COMMUNITY,Merton,23,12,19,11,17,17,15,13,26,17,14,10
BURGLARY,DOMESTIC BURGLARY,Merton,54,3,2,0,0,0,0,0,0,0,0,0
BURGLARY,RES BURGLARY OF A HOME,Merton,8,36,34,26,35,24,39,39,44,46,29,66
BURGLARY,RES BURGLARY OF UNCONNECTED BUILDING,Merton,3,13,17,13,22,31,14,27,9,15,9,19
DRUG OFFENCES,POSSESSION OF DRUGS,Merton,30,17,30,44,48,48,23,31,27,33,30,22
DRUG OFFENCES,TRAFFICKING OF DRUGS,Merton,9,11,9,6,11,12,12,13,15,8,8,17
FRAUD AND FORGERY,FRAUD AND FORGERY,Merton,0,0,0,0,0,0,0,0,0,0,0,1
MISCELLANEOUS CRIMES AGAINST SOCIETY,MISC CRIMES AGAINST SOCIETY,Merton,11,14,15,9,13,20,9,17,12,16,13,13
POSSESSION OF WEAPONS,POSSESSION OF WEAPONS,Merton,7,8,11,20,10,8,6,4,13,9,6,5
PUBLIC ORDER OFFENCES,OTHER OFFENCES PUBLIC ORDER,Merton,7,11,15,9,5,6,15,4,9,9,6,8
PUBLIC ORDER OFFENCES,PUBLIC FEAR ALARM OR DISTRESS,Merton,63,64,81,113,70,70,60,43,61,38,54,55
PUBLIC ORDER OFFENCES,RACE OR RELIGIOUS AGG PUBLIC FEAR,Merton,7,14,15,22,12,17,17,13,12,16,14,14
PUBLIC ORDER OFFENCES,VIOLENT DISORDER,Merton,0,0,0,0,0,0,0,0,0,0,0,0
ROBBERY,ROBBERY OF BUSINESS PROPERTY,Merton,2,10,11,9,6,10,11,11,11,7,8,10
ROBBERY,ROBBERY OF PERSONAL PROPERTY,Merton,25,41,38,22,20,36,22,29,32,32,34,24
SEXUAL OFFENCES,OTHER SEXUAL OFFENCES,Merton,18,21,25,22,17,19,30,21,19,22,20,17
SEXUAL OFFENCES,RAPE,Merton,15,14,11,21,9,17,13,15,11,12,15,8
THEFT,BICYCLE THEFT,Merton,10,16,24,29,13,34,27,31,15,14,24,14
THEFT,OTHER THEFT,Merton,135,130,138,130,118,129,130,142,109,121,130,120
THEFT,SHOPLIFTING,Merton,100,140,118,111,97,121,124,85,114,112,111,114
THEFT,THEFT FROM THE PERSON,Merton,14,30,28,20,18,22,31,23,24,19,30,33
VEHICLE OFFENCES,AGGRAVATED VEHICLE TAKING,Merton,1,1,1,1,1,1,1,1,1,1,0,1
VEHICLE OFFENCES,INTERFERING WITH A MOTOR VEHICLE,Merton,22,19,18,14,24,22,21,19,19,15,22,14
VEHICLE OFFENCES,THEFT FROM A VEHICLE,Merton,82,74,76,71,65,66,70,61,64,71,72,42
VEHICLE OFFENCES,THEFT OR UNAUTH TAKING OF A MOTOR VEH,Merton,37,42,39,48,54,39,45,46,37,51,63,42
VIOLENCE AGAINST THE PERSON,DEATH SERIOUS INJURY ILLEGAL DRIVING,Merton,0,0,1,0,0,0,1,0,1,0,1,0
VIOLENCE AGAINST THE PERSON,HOMICIDE,Merton,1,0,0,0,0,0,0,0,0,0,0,0
VIOLENCE AGAINST THE PERSON,STALKING AND HARASSMENT,Merton,86,83,90,101,91,91,104,84,80,82,81,68
VIOLENCE AGAINST THE PERSON,VIOLENCE WITH INJURY,Merton,96,130,141,132,115,131,134,113,99,112,103,88
VIOLENCE AGAINST THE PERSON,VIOLENCE WITHOUT INJURY,Merton,159,176,147,187,144,179,173,154,190,208,153,144
ARSON AND CRIMINAL DAMAGE,ARSON,Newham,5,10,4,12,4,4,7,5,3,0,7,12
ARSON AND CRIMINAL DAMAGE,CRIMINAL DAMAGE,Newham,164,174,196,195,207,164,156,169,172,163,155,153
BURGLARY,BURGLARY BUSINESS AND COMMUNITY,Newham,51,58,42,46,40,47,47,51,58,54,60,52
BURGLARY,DOMESTIC BURGLARY,Newham,66,4,2,0,0,0,0,0,0,0,0,0
BURGLARY,RES BURGLARY OF A HOME,Newham,12,56,70,68,60,70,80,64,79,71,74,81
BURGLARY,RES BURGLARY OF UNCONNECTED BUILDING,Newham,7,44,40,36,41,33,54,70,68,48,39,33
DRUG OFFENCES,POSSESSION OF DRUGS,Newham,97,93,99,112,115,115,125,139,99,94,109,100
DRUG OFFENCES,TRAFFICKING OF DRUGS,Newham,42,48,45,25,51,38,22,45,32,23,36,45
FRAUD AND FORGERY,FRAUD AND FORGERY,Newham,0,0,0,0,0,0,0,0,0,0,0,2
MISCELLANEOUS CRIMES AGAINST SOCIETY,MISC CRIMES AGAINST SOCIETY,Newham,38,49,40,38,48,45,41,37,44,39,39,28
POSSESSION OF WEAPONS,POSSESSION OF WEAPONS,Newham,16,26,29,35,16,21,15,15,26,15,22,23
PUBLIC ORDER OFFENCES,OTHER OFFENCES PUBLIC ORDER,Newham,24,29,16,22,24,27,26,23,31,18,20,23
PUBLIC ORDER OFFENCES,PUBLIC FEAR ALARM OR DISTRESS,Newham,116,112,133,108,139,135,109,125,92,113,111,106
PUBLIC ORDER OFFENCES,RACE OR RELIGIOUS AGG PUBLIC FEAR,Newham,33,44,34,38,44,31,37,40,43,30,36,38
PUBLIC ORDER OFFENCES,VIOLENT DISORDER,Newham,0,0,0,0,0,1,1,0,0,0,0,1
ROBBERY,ROBBERY OF BUSINESS PROPERTY,Newham,16,7,7,9,9,14,12,20,7,17,18,15
ROBBERY,ROBBERY OF PERSONAL PROPERTY,Newham,95,98,136,131,117,138,133,121,131,97,119,135
SEXUAL OFFENCES,OTHER SEXUAL OFFENCES,Newham,45,51,58,44,53,58,40,55,44,44,46,39
SEXUAL OFFENCES,RAPE,Newham,24,25,28,33,42,34,30,33,30,34,33,36
THEFT,BICYCLE THEFT,Newham,33,44,42,37,65,62,61,39,30,25,33,33
THEFT,OTHER THEFT,Newham,353,477,484,518,438,425,451,528,511,485,423,413
THEFT,SHOPLIFTING,Newham,160,156,183,191,210,226,213,209,200,219,193,274
THEFT,THEFT FROM THE PERSON,Newham,258,253,302,219,202,215,272,445,398,297,384,488
VEHICLE OFFENCES,AGGRAVATED VEHICLE TAKING,Newham,0,3,2,3,1,0,1,4,3,2,1,3
VEHICLE OFFENCES,INTERFERING WITH A MOTOR VEHICLE,Newham,36,39,45,36,42,55,46,41,57,41,53,50
VEHICLE OFFENCES,THEFT FROM A VEHICLE,Newham,192,206,245,223,263,304,248,208,263,194,163,243
VEHICLE OFFENCES,THEFT OR UNAUTH TAKING OF A MOTOR VEH,Newham,113,112,93,96,117,116,118,107,148,142,125,144
VIOLENCE AGAINST THE PERSON,DEATH SERIOUS INJURY ILLEGAL DRIVING,Newham,0,2,2,0,0,1,0,0,0,0,1,0
VIOLENCE AGAINST THE PERSON,HOMICIDE,Newham,0,0,0,1,0,0,0,1,0,0,0,1
VIOLENCE AGAINST THE PERSON,STALKING AND HARASSMENT,Newham,157,195,232,219,193,210,173,195,192,201,194,184
VIOLENCE AGAINST THE PERSON,VIOLENCE WITH INJURY,Newham,290,280,310,289,277,279,259,253,269,292,243,220
VIOLENCE AGAINST THE PERSON,VIOLENCE WITHOUT INJURY,Newham,396,421,440,396,405,428,357,425,397,383,390,356
ARSON AND CRIMINAL DAMAGE,ARSON,Redbridge,7,1,2,5,6,8,1,3,1,7,3,5
ARSON AND CRIMINAL DAMAGE,CRIMINAL DAMAGE,Redbridge,119,156,131,135,168,149,99,117,102,129,116,119
BURGLARY,BURGLARY BUSINESS AND COMMUNITY,Redbridge,34,46,52,46,36,35,32,26,16,37,50,59
BURGLARY,DOMESTIC BURGLARY,Redbridge,42,1,1,0,0,0,0,0,0,0,0,0
BURGLARY,RES BURGLARY OF A HOME,Redbridge,17,42,39,46,45,66,74,56,75,77,64,62
BURGLARY,RES BURGLARY OF UNCONNECTED BUILDING,Redbridge,3,13,18,9,18,9,8,12,9,11,12,20
DRUG OFFENCES,POSSESSION OF DRUGS,Redbridge,65,64,51,56,60,67,59,56,45,65,62,39
DRUG OFFENCES,TRAFFICKING OF DRUGS,Redbridge,15,28,37,22,22,15,16,11,18,25,15,26
FRAUD AND FORGERY,FRAUD AND FORGERY,Redbridge,0,0,0,0,0,0,0,0,0,0,0,0
MISCELLANEOUS CRIMES AGAINST SOCIETY,MISC CRIMES AGAINST SOCIETY,Redbridge,24,33,43,21,27,27,31,27,15,29,21,19
POSSESSION OF WEAPONS,POSSESSION OF WEAPONS,Redbridge,15,13,15,12,9,14,10,12,10,13,15,20
PUBLIC ORDER OFFENCES,OTHER OFFENCES PUBLIC ORDER,Redbridge,13,10,17,16,11,8,16,16,21,19,19,19
PUBLIC ORDER OFFENCES,PUBLIC FEAR ALARM OR DISTRESS,Redbridge,68,85,101,98,98,84,84,77,72,64,82,66
PUBLIC ORDER OFFENCES,RACE OR RELIGIOUS AGG PUBLIC FEAR,Redbridge,30,17,26,33,21,42,28,27,26,26,22,36
PUBLIC ORDER OFFENCES,VIOLENT DISORDER,Redbridge,1,0,0,0,0,0,0,0,0,0,0,0
ROBBERY,ROBBERY OF BUSINESS PROPERTY,Redbridge,7,9,5,10,11,11,11,11,8,8,13,18
ROBBERY,ROBBERY OF PERSONAL PROPERTY,Redbridge,37,67,82,43,57,80,45,62,59,45,48,52
SEXUAL OFFENCES,OTHER SEXUAL OFFENCES,Redbridge,29,43,34,49,32,32,29,25,27,27,29,39
SEXUAL OFFENCES,RAPE,Redbridge,26,20,24,23,21,23,17,16,12,27,22,23
THEFT,BICYCLE THEFT,Redbridge,0,15,24,12,23,29,17,7,4,16,13,12
THEFT,OTHER THEFT,Redbridge,236,244,228,221,190,209,217,250,230,244,221,241
THEFT,SHOPLIFTING,Redbridge,110,117,112,118,137,118,97,99,102,104,114,111
THEFT,THEFT FROM THE PERSON,Redbridge,72,94,77,84,88,64,103,151,121,96,128,146
VEHICLE OFFENCES,AGGRAVATED VEHICLE TAKING,Redbridge,2,1,3,5,2,1,1,1,3,0,3,1
VEHICLE OFFENCES,INTERFERING WITH A MOTOR VEHICLE,Redbridge,41,40,37,40,39,48,39,28,35,41,36,27
VEHICLE OFFENCES,THEFT FROM A VEHICLE,Redbridge,171,214,173,178,174,190,163,150,168,143,127,122
VEHICLE OFFENCES,THEFT OR UNAUTH TAKING OF A MOTOR VEH,Redbridge,100,103,82,121,119,111,98,92,92,103,89,101
VIOLENCE AGAINST THE PERSON,DEATH SERIOUS INJURY ILLEGAL DRIVING,Redbridge,0,1,1,3,0,0,0,2,0,0,0,0
VIOLENCE AGAINST THE PERSON,HOMICIDE,Redbridge,0,0,0,0,0,0,0,0,0,0,0,0
VIOLENCE AGAINST THE PERSON,STALKING AND HARASSMENT,Redbridge,170,173,168,166,188,164,165,151,149,139,160,144
VIOLENCE AGAINST THE PERSON,VIOLENCE WITH INJURY,Redbridge,208,228,223,221,175,203,192,173,191,189,170,172
VIOLENCE AGAINST THE PERSON,VIOLENCE WITHOUT INJURY,Redbridge,330,313,303,286,290,316,309,288,277,307,287,339
ARSON AND CRIMINAL DAMAGE,ARSON,Richmond upon Thames,2,5,0,2,3,6,7,1,2,2,0,3
ARSON AND CRIMINAL DAMAGE,CRIMINAL DAMAGE,Richmond upon Thames,76,88,68,89,94,82,67,76,72,74,55,61
BURGLARY,BURGLARY BUSINESS AND COMMUNITY,Richmond upon Thames,36,80,22,29,24,24,34,20,24,26,23,30
BURGLARY,DOMESTIC BURGLARY,Richmond upon Thames,49,1,1,0,0,0,0,0,0,0,0,0
BURGLARY,RES BURGLARY OF A HOME,Richmond upon Thames,11,25,30,33,32,26,24,60,44,48,68,59
BURGLARY,RES BURGLARY OF UNCONNECTED BUILDING,Richmond upon Thames,9,25,22,23,34,40,33,24,24,23,14,17
DRUG OFFENCES,POSSESSION OF DRUGS,Richmond upon Thames,12,24,18,20,22,16,13,16,14,21,14,19
DRUG OFFENCES,TRAFFICKING OF DRUGS,Richmond upon Thames,8,4,5,12,5,13,11,13,10,12,13,13
FRAUD AND FORGERY,FRAUD AND FORGERY,Richmond upon Thames,0,0,0,0,0,0,0,0,0,0,0,1
MISCELLANEOUS CRIMES AGAINST SOCIETY,MISC CRIMES AGAINST SOCIETY,Richmond upon Thames,8,15,8,7,14,12,12,14,6,7,8,4
POSSESSION OF WEAPONS,POSSESSION OF WEAPONS,Richmond upon Thames,7,1,5,4,5,3,1,4,5,2,1,1
PUBLIC ORDER OFFENCES,OTHER OFFENCES PUBLIC ORDER,Richmond upon Thames,12,12,5,11,10,7,5,9,6,4,1,8
PUBLIC ORDER OFFENCES,PUBLIC FEAR ALARM OR DISTRESS,Richmond upon Thames,47,63,65,56,61,62,50,41,29,38,56,50
PUBLIC ORDER OFFENCES,RACE OR RELIGIOUS AGG PUBLIC FEAR,Richmond upon Thames,10,13,13,16,13,10,14,8,4,7,9,17
PUBLIC ORDER OFFENCES,VIOLENT DISORDER,Richmond upon Thames,0,0,0,0,0,0,0,0,0,0,0,0
ROBBERY,ROBBERY OF BUSINESS PROPERTY,Richmond upon Thames,1,3,2,5,3,9,2,8,3,3,7,7
ROBBERY,ROBBERY OF PERSONAL PROPERTY,Richmond upon Thames,11,17,25,24,10,33,7,13,19,25,19,17
SEXUAL OFFENCES,OTHER SEXUAL OFFENCES,Richmond upon Thames,11,17,20,18,19,23,22,13,9,14,20,15
SEXUAL OFFENCES,RAPE,Richmond upon Thames,8,4,2,7,5,7,10,11,6,10,13,14
THEFT,BICYCLE THEFT,Richmond upon Thames,45,76,58,71,76,63,45,31,40,17,28,37
THEFT,OTHER THEFT,Richmond upon Thames,83,105,115,120,112,104,121,121,96,73,83,95
THEFT,SHOPLIFTING,Richmond upon Thames,70,74,70,74,107,92,95,58,59,76,77,86
THEFT,THEFT FROM THE PERSON,Richmond upon Thames,18,15,13,22,26,11,8,17,16,18,21,31
VEHICLE OFFENCES,AGGRAVATED VEHICLE TAKING,Richmond upon Thames,2,0,0,2,1,1,0,0,0,0,2,0
VEHICLE OFFENCES,INTERFERING WITH A MOTOR VEHICLE,Richmond upon Thames,34,19,31,13,25,25,15,23,11,20,24,27
VEHICLE OFFENCES,THEFT FROM A VEHICLE,Richmond upon Thames,84,77,80,96,121,82,92,74,81,111,85,75
VEHICLE OFFENCES,THEFT OR UNAUTH TAKING OF A MOTOR VEH,Richmond upon Thames,64,64,56,36,48,62,44,46,37,33,47,38
VIOLENCE AGAINST THE PERSON,DEATH SERIOUS INJURY ILLEGAL DRIVING,Richmond upon Thames,0,0,0,1,1,0,1,1,0,1,0,0
VIOLENCE AGAINST THE PERSON,HOMICIDE,Richmond upon Thames,0,0,0,0,0,0,0,0,0,0,0,0
VIOLENCE AGAINST THE PERSON,STALKING AND HARASSMENT,Richmond upon Thames,63,68,72,77,90,62,60,63,56,63,77,56
VIOLENCE AGAINST THE PERSON,VIOLENCE WITH INJURY,Richmond upon Thames,65,86,108,71,69,75,68,78,103,79,76,47
VIOLENCE AGAINST THE PERSON,VIOLENCE WITHOUT INJURY,Richmond upon Thames,91,102,102,125,78,116,88,117,122,102,105,103
ARSON AND CRIMINAL DAMAGE,ARSON,Southwark,7,8,5,12,12,10,7,4,10,7,3,9
ARSON AND CRIMINAL DAMAGE,CRIMINAL DAMAGE,Southwark,145,184,191,213,179,156,134,163,206,156,151,131
BURGLARY,BURGLARY BUSINESS AND COMMUNITY,Southwark,94,105,87,77,88,92,62,63,57,52,48,47
BURGLARY,DOMESTIC BURGLARY,Southwark,74,6,3,1,0,0,0,0,0,0,0,0
BURGLARY,RES BURGLARY OF A HOME,Southwark,18,63,83,89,102,80,65,72,90,102,55,79
BURGLARY,RES BURGLARY OF UNCONNECTED BUILDING,Southwark,8,59,54,54,79,70,49,52,62,55,36,51
DRUG OFFENCES,POSSESSION OF DRUGS,Southwark,88,88,71,94,108,71,88,65,71,93,74,68
DRUG OFFENCES,TRAFFICKING OF DRUGS,Southwark,16,30,43,42,44,35,13,27,35,24,22,26
FRAUD AND FORGERY,FRAUD AND FORGERY,Southwark,0,0,0,0,0,0,0,0,0,0,0,0
MISCELLANEOUS CRIMES AGAINST SOCIETY,MISC CRIMES AGAINST SOCIETY,Southwark,26,21,31,29,29,25,20,22,12,27,30,14
POSSESSION OF WEAPONS,POSSESSION OF WEAPONS,Southwark,24,23,28,37,35,25,20,17,17,30,29,22
PUBLIC ORDER OFFENCES,OTHER OFFENCES PUBLIC ORDER,Southwark,22,20,20,14,14,25,14,18,22,25,16,19
PUBLIC ORDER OFFENCES,PUBLIC FEAR ALARM OR DISTRESS,Southwark,105,129,151,158,122,143,97,106,133,116,112,94
PUBLIC ORDER OFFENCES,RACE OR RELIGIOUS AGG PUBLIC FEAR,Southwark,20,52,38,34,28,32,37,34,26,27,31,32
PUBLIC ORDER OFFENCES,VIOLENT DISORDER,Southwark,0,1,0,0,0,0,0,0,1,1,0,0
ROBBERY,ROBBERY OF BUSINESS PROPERTY,Southwark,22,18,29,19,12,21,9,11,20,10,19,25
ROBBERY,ROBBERY OF PERSONAL PROPERTY,Southwark,158,139,144,149,123,131,116,163,183,187,153,172
SEXUAL OFFENCES,OTHER SEXUAL OFFENCES,Southwark,43,51,61,51,49,54,43,56,48,53,50,45
SEXUAL OFFENCES,RAPE,Southwark,32,36,29,23,25,28,16,40,25,35,26,22
THEFT,BICYCLE THEFT,Southwark,78,95,114,82,96,106,73,63,66,84,82,81
THEFT,OTHER THEFT,Southwark,441,552,654,546,507,557,543,549,494,464,483,442
THEFT,SHOPLIFTING,Southwark,126,153,125,153,189,178,125,141,116,135,93,128
THEFT,THEFT FROM THE PERSON,Southwark,397,434,518,460,358,447,452,497,447,478,562,687
VEHICLE OFFENCES,AGGRAVATED VEHICLE TAKING,Southwark,1,3,1,3,1,1,2,1,1,2,2,4
VEHICLE OFFENCES,INTERFERING WITH A MOTOR VEHICLE,Southwark,12,18,21,21,21,24,24,38,35,36,30,27
VEHICLE OFFENCES,THEFT FROM A VEHICLE,Southwark,87,144,97,121,117,92,125,127,138,156,126,126
VEHICLE OFFENCES,THEFT OR UNAUTH TAKING OF A MOTOR VEH,Southwark,65,100,97,65,76,97,82,110,91,77,100,95
VIOLENCE AGAINST THE PERSON,DEATH SERIOUS INJURY ILLEGAL DRIVING,Southwark,0,0,0,1,0,0,1,0,1,0,0,0
VIOLENCE AGAINST THE PERSON,HOMICIDE,Southwark,1,0,2,0,0,0,0,0,1,1,0,0
VIOLENCE AGAINST THE PERSON,STALKING AND HARASSMENT,Southwark,184,174,178,185,176,187,158,177,151,163,167,159
VIOLENCE AGAINST THE PERSON,VIOLENCE WITH INJURY,Southwark,244,301,329,259,272,280,263,238,267,235,200,204
VIOLENCE AGAINST THE PERSON,VIOLENCE WITHOUT INJURY,Southwark,266,317,344,324,287,335,294,329,292,318,262,291
ARSON AND CRIMINAL DAMAGE,ARSON,Sutton,3,1,4,7,3,9,5,5,5,6,2,3
ARSON AND CRIMINAL DAMAGE,CRIMINAL DAMAGE,Sutton,76,87,87,107,102,91,98,83,102,130,81,78
BURGLARY,BURGLARY BUSINESS AND COMMUNITY,Sutton,15,14,28,15,15,21,33,17,18,21,18,18
BURGLARY,DOMESTIC BURGLARY,Sutton,50,0,0,0,0,0,0,0,0,0,0,0
BURGLARY,RES BURGLARY OF A HOME,Sutton,12,44,30,41,44,36,27,40,47,35,23,49
BURGLARY,RES BURGLARY OF UNCONNECTED BUILDING,Sutton,2,8,15,11,11,9,10,11,13,7,9,26
DRUG OFFENCES,POSSESSION OF DRUGS,Sutton,46,35,44,28,20,24,21,20,21,26,23,11
DRUG OFFENCES,TRAFFICKING OF DRUGS,Sutton,6,7,13,5,9,6,4,8,5,9,10,7
FRAUD AND FORGERY,FRAUD AND FORGERY,Sutton,0,0,0,0,0,0,1,0,0,0,0,1
MISCELLANEOUS CRIMES AGAINST SOCIETY,MISC CRIMES AGAINST SOCIETY,Sutton,20,9,13,18,16,12,13,20,12,14,19,12
POSSESSION OF WEAPONS,POSSESSION OF WEAPONS,Sutton,11,5,11,6,5,8,9,5,5,7,8,8
PUBLIC ORDER OFFENCES,OTHER OFFENCES PUBLIC ORDER,Sutton,9,8,13,6,8,11,18,11,8,9,12,10
PUBLIC ORDER OFFENCES,PUBLIC FEAR ALARM OR DISTRESS,Sutton,52,51,86,63,52,80,56,55,53,55,52,50
PUBLIC ORDER OFFENCES,RACE OR RELIGIOUS AGG PUBLIC FEAR,Sutton,12,22,12,15,11,16,10,10,12,14,10,19
PUBLIC ORDER OFFENCES,VIOLENT DISORDER,Sutton,0,0,0,0,0,0,0,0,0,1,0,0
ROBBERY,ROBBERY OF BUSINESS PROPERTY,Sutton,3,2,9,5,4,6,4,4,9,10,6,6
ROBBERY,ROBBERY OF PERSONAL PROPERTY,Sutton,10,24,22,25,19,32,37,37,14,15,25,28
SEXUAL OFFENCES,OTHER SEXUAL OFFENCES,Sutton,26,19,35,22,30,20,32,20,31,18,28,30
SEXUAL OFFENCES,RAPE,Sutton,9,10,12,10,16,14,8,15,11,13,7,20
THEFT,BICYCLE THEFT,Sutton,13,11,9,14,14,21,23,18,8,6,12,12
THEFT,OTHER THEFT,Sutton,105,103,104,109,85,82,108,102,92,104,80,88
THEFT,SHOPLIFTING,Sutton,56,71,98,119,108,80,63,61,96,93,96,91
THEFT,THEFT FROM THE PERSON,Sutton,20,20,16,14,19,18,22,29,27,26,16,22
VEHICLE OFFENCES,AGGRAVATED VEHICLE TAKING,Sutton,3,4,3,1,0,0,2,2,2,1,1,1
VEHICLE OFFENCES,INTERFERING WITH A MOTOR VEHICLE,Sutton,15,31,27,23,17,19,7,18,19,27,25,11
VEHICLE OFFENCES,THEFT FROM A VEHICLE,Sutton,52,61,65,69,48,55,53,39,54,61,52,51
VEHICLE OFFENCES,THEFT OR UNAUTH TAKING OF A MOTOR VEH,Sutton,39,66,32,49,31,63,36,59,40,67,48,32
VIOLENCE AGAINST THE PERSON,DEATH SERIOUS INJURY ILLEGAL DRIVING,Sutton,2,0,0,0,0,1,0,0,1,2,0,0
VIOLENCE AGAINST THE PERSON,HOMICIDE,Sutton,0,0,0,0,0,0,1,3,1,0,0,0
VIOLENCE AGAINST THE PERSON,STALKING AND HARASSMENT,Sutton,107,102,88,87,82,73,92,85,101,119,89,109
VIOLENCE AGAINST THE PERSON,VIOLENCE WITH INJURY,Sutton,114,118,137,147,110,110,118,105,128,136,109,89
VIOLENCE AGAINST THE PERSON,VIOLENCE WITHOUT INJURY,Sutton,137,144,145,178,147,185,165,185,173,173,154,162
ARSON AND CRIMINAL DAMAGE,ARSON,Tower Hamlets,8,6,4,7,0,8,7,7,5,3,7,9
ARSON AND CRIMINAL DAMAGE,CRIMINAL DAMAGE,Tower Hamlets,184,188,171,180,157,175,145,152,180,159,179,142
BURGLARY,BURGLARY BUSINESS AND COMMUNITY,Tower Hamlets,117,76,59,61,69,69,57,65,77,97,65,78
BURGLARY,DOMESTIC BURGLARY,Tower Hamlets,83,2,1,0,0,0,0,0,0,0,0,0
BURGLARY,RES BURGLARY OF A HOME,Tower Hamlets,12,67,68,73,81,70,74,68,52,73,68,52
BURGLARY,RES BURGLARY OF UNCONNECTED BUILDING,Tower Hamlets,12,57,60,70,65,46,60,59,54,82,55,61
DRUG OFFENCES,POSSESSION OF DRUGS,Tower Hamlets,116,124,118,158,184,108,86,101,81,108,86,110
DRUG OFFENCES,TRAFFICKING OF DRUGS,Tower Hamlets,52,45,59,49,36,43,42,76,34,27,36,23
FRAUD AND FORGERY,FRAUD AND FORGERY,Tower Hamlets,0,0,0,0,1,0,0,0,0,0,0,1
MISCELLANEOUS CRIMES AGAINST SOCIETY,MISC CRIMES AGAINST SOCIETY,Tower Hamlets,35,37,35,34,25,31,23,32,24,24,24,16
NFIB FRAUD,NFIB,Tower Hamlets,0,0,0,0,0,0,0,0,0,0,0,1
POSSESSION OF WEAPONS,POSSESSION OF WEAPONS,Tower Hamlets,19,22,20,14,25,16,15,21,22,19,19,20
PUBLIC ORDER OFFENCES,OTHER OFFENCES PUBLIC ORDER,Tower Hamlets,21,29,26,27,26,33,31,22,27,21,28,31
PUBLIC ORDER OFFENCES,PUBLIC FEAR ALARM OR DISTRESS,Tower Hamlets,144,168,168,184,127,177,165,145,163,132,153,127
PUBLIC ORDER OFFENCES,RACE OR RELIGIOUS AGG PUBLIC FEAR,Tower Hamlets,34,42,48,47,38,51,49,56,38,24,28,37
PUBLIC ORDER OFFENCES,VIOLENT DISORDER,Tower Hamlets,0,1,1,0,0,0,0,0,0,0,0,0
ROBBERY,ROBBERY OF BUSINESS PROPERTY,Tower Hamlets,5,20,9,18,11,13,20,20,26,13,15,27
ROBBERY,ROBBERY OF PERSONAL PROPERTY,Tower Hamlets,66,105,77,103,88,106,109,105,153,93,70,94
SEXUAL OFFENCES,OTHER SEXUAL OFFENCES,Tower Hamlets,42,76,60,53,52,64,74,36,46,40,56,46
SEXUAL OFFENCES,RAPE,Tower Hamlets,27,32,20,19,20,32,33,25,26,19,31,21
THEFT,BICYCLE THEFT,Tower Hamlets,91,131,103,145,110,98,121,89,87,74,84,97
THEFT,OTHER THEFT,Tower Hamlets,407,345,385,408,422,416,459,464,405,359,381,341
THEFT,SHOPLIFTING,Tower Hamlets,127,122,139,175,167,173,142,125,153,175,163,165
THEFT,THEFT FROM THE PERSON,Tower Hamlets,179,181,166,176,190,208,237,365,337,229,255,359
VEHICLE OFFENCES,AGGRAVATED VEHICLE TAKING,Tower Hamlets,0,3,2,3,3,4,3,2,4,0,3,3
VEHICLE OFFENCES,INTERFERING WITH A MOTOR VEHICLE,Tower Hamlets,20,20,14,16,16,29,34,29,28,23,34,49
VEHICLE OFFENCES,THEFT FROM A VEHICLE,Tower Hamlets,137,124,145,158,139,168,169,134,161,156,118,147
VEHICLE OFFENCES,THEFT OR UNAUTH TAKING OF A MOTOR VEH,Tower Hamlets,69,64,76,83,83,87,89,92,112,92,97,81
VIOLENCE AGAINST THE PERSON,DEATH SERIOUS INJURY ILLEGAL DRIVING,Tower Hamlets,0,0,1,0,0,1,1,1,1,0,1,0
VIOLENCE AGAINST THE PERSON,HOMICIDE,Tower Hamlets,0,1,0,0,0,0,0,0,0,0,0,0
VIOLENCE AGAINST THE PERSON,STALKING AND HARASSMENT,Tower Hamlets,214,233,242,225,223,193,229,227,201,211,235,192
VIOLENCE AGAINST THE PERSON,VIOLENCE WITH INJURY,Tower Hamlets,271,253,264,268,256,270,234,251,279,227,230,223
VIOLENCE AGAINST THE PERSON,VIOLENCE WITHOUT INJURY,Tower Hamlets,329,382,401,432,400,352,403,421,392,351,360,377
ARSON AND CRIMINAL DAMAGE,ARSON,Unknown,4,0,2,1,3,2,13,0,0,0,1,6
ARSON AND CRIMINAL DAMAGE,CRIMINAL DAMAGE,Unknown,131,45,101,67,38,43,446,51,41,46,41,71
BURGLARY,BURGLARY BUSINESS AND COMMUNITY,Unknown,51,12,30,8,8,9,115,6,9,14,9,37
BURGLARY,DOMESTIC BURGLARY,Unknown,57,1,0,0,0,0,0,0,0,0,0,0
BURGLARY,RES BURGLARY OF A HOME,Unknown,3,0,36,4,0,6,177,1,7,4,3,30
BURGLARY,RES BURGLARY OF UNCONNECTED BUILDING,Unknown,30,5,22,8,3,11,82,11,11,18,13,15
DRUG OFFENCES,POSSESSION OF DRUGS,Unknown,93,39,60,34,32,29,234,29,28,29,30,68
DRUG OFFENCES,TRAFFICKING OF DRUGS,Unknown,33,8,32,20,19,19,103,18,7,15,20,62
FRAUD AND FORGERY,FRAUD AND FORGERY,Unknown,0,0,0,1,0,0,0,0,0,0,0,2
MISCELLANEOUS CRIMES AGAINST SOCIETY,MISC CRIMES AGAINST SOCIETY,Unknown,75,54,69,53,47,41,99,43,29,36,35,16
NFIB FRAUD,NFIB,Unknown,0,0,0,0,0,0,0,0,0,0,0,1
POSSESSION OF WEAPONS,POSSESSION OF WEAPONS,Unknown,17,10,19,14,10,5,60,14,7,6,7,15
PUBLIC ORDER OFFENCES,OTHER OFFENCES PUBLIC ORDER,Unknown,47,50,68,72,71,58,119,70,53,60,59,18
PUBLIC ORDER OFFENCES,PUBLIC FEAR ALARM OR DISTRESS,Unknown,104,44,103,66,48,57,337,49,40,39,46,60
PUBLIC ORDER OFFENCES,RACE OR RELIGIOUS AGG PUBLIC FEAR,Unknown,27,21,29,11,16,16,110,25,9,6,15,25
PUBLIC ORDER OFFENCES,VIOLENT DISORDER,Unknown,0,1,0,0,0,0,0,0,0,0,1,1
ROBBERY,ROBBERY OF BUSINESS PROPERTY,Unknown,8,0,4,1,2,0,32,2,1,2,0,10
ROBBERY,ROBBERY OF PERSONAL PROPERTY,Unknown,83,52,73,50,38,47,259,57,64,42,40,67
SEXUAL OFFENCES,OTHER SEXUAL OFFENCES,Unknown,93,76,101,71,46,55,153,73,56,47,67,32
SEXUAL OFFENCES,RAPE,Unknown,70,64,93,68,68,68,152,56,56,75,68,23
THEFT,BICYCLE THEFT,Unknown,49,18,28,23,19,18,142,17,14,10,10,22
THEFT,OTHER THEFT,Unknown,386,228,334,249,207,184,1181,188,200,189,175,142
THEFT,SHOPLIFTING,Unknown,137,25,89,26,36,26,426,23,22,26,25,86
THEFT,THEFT FROM THE PERSON,Unknown,256,158,218,138,153,104,711,194,209,164,203,186
VEHICLE OFFENCES,AGGRAVATED VEHICLE TAKING,Unknown,1,1,1,2,1,2,5,1,0,0,1,1
VEHICLE OFFENCES,INTERFERING WITH A MOTOR VEHICLE,Unknown,21,8,20,10,12,9,96,6,6,13,9,8
VEHICLE OFFENCES,THEFT FROM A VEHICLE,Unknown,134,72,136,62,62,85,623,71,68,75,78,65
VEHICLE OFFENCES,THEFT OR UNAUTH TAKING OF A MOTOR VEH,Unknown,66,26,70,43,21,31,271,38,25,27,32,29
VIOLENCE AGAINST THE PERSON,DEATH SERIOUS INJURY ILLEGAL DRIVING,Unknown,0,0,2,0,0,0,5,0,0,0,0,1
VIOLENCE AGAINST THE PERSON,HOMICIDE,Unknown,0,0,0,1,0,1,2,0,0,1,0,0
VIOLENCE AGAINST THE PERSON,STALKING AND HARASSMENT,Unknown,197,160,213,173,150,168,629,158,133,153,149,91
VIOLENCE AGAINST THE PERSON,VIOLENCE WITH INJURY,Unknown,162,109,192,115,103,104,586,98,93,107,89,124
VIOLENCE AGAINST THE PERSON,VIOLENCE WITHOUT INJURY,Unknown,212,119,252,147,117,140,887,127,124,137,131,214
ARSON AND CRIMINAL DAMAGE,ARSON,Waltham Forest,1,2,2,6,4,4,6,4,7,4,2,6
ARSON AND CRIMINAL DAMAGE,CRIMINAL DAMAGE,Waltham Forest,123,164,135,156,128,126,124,128,132,103,123,125
BURGLARY,BURGLARY BUSINESS AND COMMUNITY,Waltham Forest,20,30,20,30,32,41,38,53,51,35,43,39
BURGLARY,DOMESTIC BURGLARY,Waltham Forest,49,2,3,0,0,0,0,0,0,0,0,0
BURGLARY,RES BURGLARY OF A HOME,Waltham Forest,16,55,40,63,63,60,59,65,49,64,59,61
BURGLARY,RES BURGLARY OF UNCONNECTED BUILDING,Waltham Forest,5,15,9,13,26,21,37,29,26,25,15,24
DRUG OFFENCES,POSSESSION OF DRUGS,Waltham Forest,63,66,95,75,98,84,78,60,53,74,50,44
DRUG OFFENCES,TRAFFICKING OF DRUGS,Waltham Forest,29,23,50,24,32,34,36,40,28,43,43,27
FRAUD AND FORGERY,FRAUD AND FORGERY,Waltham Forest,0,0,0,0,0,0,0,0,0,0,0,2
MISCELLANEOUS CRIMES AGAINST SOCIETY,MISC CRIMES AGAINST SOCIETY,Waltham Forest,26,26,27,27,20,20,17,24,23,16,16,13
POSSESSION OF WEAPONS,POSSESSION OF WEAPONS,Waltham Forest,23,16,18,18,20,14,14,13,7,20,17,8
PUBLIC ORDER OFFENCES,OTHER OFFENCES PUBLIC ORDER,Waltham Forest,5,16,14,13,9,16,9,11,12,12,14,13
PUBLIC ORDER OFFENCES,PUBLIC FEAR ALARM OR DISTRESS,Waltham Forest,90,93,96,92,76,104,81,92,89,72,76,79
PUBLIC ORDER OFFENCES,RACE OR RELIGIOUS AGG PUBLIC FEAR,Waltham Forest,21,14,28,29,28,30,20,24,19,15,19,33
PUBLIC ORDER OFFENCES,VIOLENT DISORDER,Waltham Forest,0,0,0,0,0,0,0,0,0,0,0,0
ROBBERY,ROBBERY OF BUSINESS PROPERTY,Waltham Forest,6,8,3,9,10,15,10,24,13,14,14,6
ROBBERY,ROBBERY OF PERSONAL PROPERTY,Waltham Forest,44,55,50,47,47,45,42,62,75,58,55,78
SEXUAL OFFENCES,OTHER SEXUAL OFFENCES,Waltham Forest,20,28,32,37,49,41,28,30,26,28,26,32
SEXUAL OFFENCES,RAPE,Waltham Forest,17,17,16,15,17,30,17,12,14,18,15,10
THEFT,BICYCLE THEFT,Waltham Forest,32,52,39,40,44,45,37,48,27,28,35,47
THEFT,OTHER THEFT,Waltham Forest,224,229,256,251,262,245,262,243,257,256,236,237
THEFT,SHOPLIFTING,Waltham Forest,83,117,106,120,108,108,89,120,103,126,111,138
THEFT,THEFT FROM THE PERSON,Waltham Forest,63,77,55,71,72,67,91,128,116,128,181,214
VEHICLE OFFENCES,AGGRAVATED VEHICLE TAKING,Waltham Forest,1,1,1,2,2,1,5,2,2,0,2,4
VEHICLE OFFENCES,INTERFERING WITH A MOTOR VEHICLE,Waltham Forest,27,19,35,27,32,35,28,37,27,32,31,36
VEHICLE OFFENCES,THEFT FROM A VEHICLE,Waltham Forest,126,157,163,176,183,166,166,139,176,117,118,131
VEHICLE OFFENCES,THEFT OR UNAUTH TAKING OF A MOTOR VEH,Waltham Forest,78,69,105,95,94,127,90,110,102,93,98,123
VIOLENCE AGAINST THE PERSON,DEATH SERIOUS INJURY ILLEGAL DRIVING,Waltham Forest,0,0,0,0,0,1,0,0,0,0,0,0
VIOLENCE AGAINST THE PERSON,HOMICIDE,Waltham Forest,1,1,0,0,0,0,0,0,0,0,0,0
VIOLENCE AGAINST THE PERSON,STALKING AND HARASSMENT,Waltham Forest,159,150,163,165,141,147,134,156,147,132,141,133
VIOLENCE AGAINST THE PERSON,VIOLENCE WITH INJURY,Waltham Forest,146,185,220,210,164,163,144,173,164,150,125,143
VIOLENCE AGAINST THE PERSON,VIOLENCE WITHOUT INJURY,Waltham Forest,213,222,289,249,226,217,195,219,218,207,235,235
ARSON AND CRIMINAL DAMAGE,ARSON,Wandsworth,1,8,7,2,14,4,2,9,6,9,9,5
ARSON AND CRIMINAL DAMAGE,CRIMINAL DAMAGE,Wandsworth,120,145,148,137,166,141,157,124,143,151,128,147
BURGLARY,BURGLARY BUSINESS AND COMMUNITY,Wandsworth,51,68,77,61,45,50,51,49,36,45,43,51
BURGLARY,DOMESTIC BURGLARY,Wandsworth,82,14,8,0,0,0,0,0,0,0,0,0
BURGLARY,RES BURGLARY OF A HOME,Wandsworth,15,55,76,82,79,69,79,67,83,88,66,47
BURGLARY,RES BURGLARY OF UNCONNECTED BUILDING,Wandsworth,7,42,45,63,71,65,50,93,55,50,36,54
DRUG OFFENCES,POSSESSION OF DRUGS,Wandsworth,58,42,41,47,52,63,75,44,56,69,79,50
DRUG OFFENCES,TRAFFICKING OF DRUGS,Wandsworth,20,21,35,22,17,24,18,20,20,16,24,29
FRAUD AND FORGERY,FRAUD AND FORGERY,Wandsworth,0,0,0,0,0,0,0,0,0,0,0,0
MISCELLANEOUS CRIMES AGAINST SOCIETY,MISC CRIMES AGAINST SOCIETY,Wandsworth,20,34,26,17,26,24,31,23,22,35,38,10
POSSESSION OF WEAPONS,POSSESSION OF WEAPONS,Wandsworth,10,11,11,12,16,11,14,10,20,11,19,8
PUBLIC ORDER OFFENCES,OTHER OFFENCES PUBLIC ORDER,Wandsworth,19,13,21,12,22,14,15,12,19,9,16,16
PUBLIC ORDER OFFENCES,PUBLIC FEAR ALARM OR DISTRESS,Wandsworth,90,111,109,135,88,97,116,104,84,114,91,84
PUBLIC ORDER OFFENCES,RACE OR RELIGIOUS AGG PUBLIC FEAR,Wandsworth,16,39,29,42,27,29,32,20,24,29,33,32
PUBLIC ORDER OFFENCES,VIOLENT DISORDER,Wandsworth,0,0,0,0,0,0,0,0,0,0,0,1
ROBBERY,ROBBERY OF BUSINESS PROPERTY,Wandsworth,6,8,11,12,13,7,16,15,9,9,8,21
ROBBERY,ROBBERY OF PERSONAL PROPERTY,Wandsworth,45,78,49,68,50,86,67,74,106,92,56,58
SEXUAL OFFENCES,OTHER SEXUAL OFFENCES,Wandsworth,44,45,52,55,34,38,27,40,36,36,31,33
SEXUAL OFFENCES,RAPE,Wandsworth,30,25,27,22,19,21,18,23,14,25,21,15
THEFT,BICYCLE THEFT,Wandsworth,58,56,68,82,79,72,96,54,55,55,72,64
THEFT,OTHER THEFT,Wandsworth,281,345,320,313,281,285,313,301,298,265,249,300
THEFT,SHOPLIFTING,Wandsworth,124,162,145,153,167,123,134,129,130,152,197,220
THEFT,THEFT FROM THE PERSON,Wandsworth,62,78,55,69,78,72,79,69,67,67,76,117
VEHICLE OFFENCES,AGGRAVATED VEHICLE TAKING,Wandsworth,3,2,1,1,1,0,1,2,2,0,2,3
VEHICLE OFFENCES,INTERFERING WITH A MOTOR VEHICLE,Wandsworth,38,46,51,46,36,29,50,38,42,41,31,42
VEHICLE OFFENCES,THEFT FROM A VEHICLE,Wandsworth,187,237,205,237,176,180,166,148,154,186,148,212
VEHICLE OFFENCES,THEFT OR UNAUTH TAKING OF A MOTOR VEH,Wandsworth,74,107,122,101,83,119,98,94,93,79,61,71
VIOLENCE AGAINST THE PERSON,DEATH SERIOUS INJURY ILLEGAL DRIVING,Wandsworth,0,0,0,1,0,0,1,0,1,2,0,0
VIOLENCE AGAINST THE PERSON,HOMICIDE,Wandsworth,0,1,0,0,1,0,1,0,0,0,0,0
VIOLENCE AGAINST THE PERSON,STALKING AND HARASSMENT,Wandsworth,134,127,154,147,140,129,166,135,139,120,120,113
VIOLENCE AGAINST THE PERSON,VIOLENCE WITH INJURY,Wandsworth,192,229,245,215,193,233,218,177,225,187,166,189
VIOLENCE AGAINST THE PERSON,VIOLENCE WITHOUT INJURY,Wandsworth,240,297,322,307,254,265,263,257,312,262,249,248
ARSON AND CRIMINAL DAMAGE,ARSON,Westminster,4,6,2,4,2,4,11,2,3,7,8,4
ARSON AND CRIMINAL DAMAGE,CRIMINAL DAMAGE,Westminster,192,197,187,197,188,214,189,205,207,177,171,211
BURGLARY,BURGLARY BUSINESS AND COMMUNITY,Westminster,135,134,118,140,136,122,140,120,140,131,109,139
BURGLARY,DOMESTIC BURGLARY,Westminster,99,5,4,0,0,0,0,0,0,0,0,0
BURGLARY,RES BURGLARY OF A HOME,Westminster,23,90,109,109,136,83,86,93,93,110,60,79
BURGLARY,RES BURGLARY OF UNCONNECTED BUILDING,Westminster,11,47,31,36,32,31,36,36,34,39,16,33
DRUG OFFENCES,POSSESSION OF DRUGS,Westminster,216,179,215,230,255,194,183,164,201,168,159,183
DRUG OFFENCES,TRAFFICKING OF DRUGS,Westminster,29,24,37,27,28,28,15,25,15,26,12,23
FRAUD AND FORGERY,FRAUD AND FORGERY,Westminster,0,0,0,0,0,0,0,0,0,0,0,1
MISCELLANEOUS CRIMES AGAINST SOCIETY,MISC CRIMES AGAINST SOCIETY,Westminster,36,43,29,37,30,34,31,27,24,24,22,26
POSSESSION OF WEAPONS,POSSESSION OF WEAPONS,Westminster,33,31,51,46,55,46,37,35,24,26,22,19
PUBLIC ORDER OFFENCES,OTHER OFFENCES PUBLIC ORDER,Westminster,22,24,36,28,32,22,44,57,43,28,22,40
PUBLIC ORDER OFFENCES,PUBLIC FEAR ALARM OR DISTRESS,Westminster,184,190,227,247,182,238,252,233,196,173,176,174
PUBLIC ORDER OFFENCES,RACE OR RELIGIOUS AGG PUBLIC FEAR,Westminster,65,69,66,89,67,69,86,120,83,74,57,59
PUBLIC ORDER OFFENCES,VIOLENT DISORDER,Westminster,1,1,0,0,1,0,3,7,0,0,0,0
ROBBERY,ROBBERY OF BUSINESS PROPERTY,Westminster,21,21,21,19,23,19,19,29,24,17,21,22
ROBBERY,ROBBERY OF PERSONAL PROPERTY,Westminster,322,341,365,331,328,319,274,335,391,301,252,254
SEXUAL OFFENCES,OTHER SEXUAL OFFENCES,Westminster,78,85,92,103,104,111,59,63,97,88,88,75
SEXUAL OFFENCES,RAPE,Westminster,24,27,25,33,32,36,34,38,42,28,29,33
THEFT,BICYCLE THEFT,Westminster,72,108,126,136,95,135,104,71,71,72,78,74
THEFT,OTHER THEFT,Westminster,1653,2066,2259,2235,1881,1784,2065,2572,2474,1815,2045,1414
THEFT,SHOPLIFTING,Westminster,398,421,434,465,467,403,411,443,493,484,465,497
THEFT,THEFT FROM THE PERSON,Westminster,1820,1705,1681,1743,1443,1406,2054,3310,3402,2628,2931,3347
VEHICLE OFFENCES,AGGRAVATED VEHICLE TAKING,Westminster,0,0,1,2,0,0,0,3,0,1,0,1
VEHICLE OFFENCES,INTERFERING WITH A MOTOR VEHICLE,Westminster,34,29,21,18,25,24,28,21,35,22,33,26
VEHICLE OFFENCES,THEFT FROM A VEHICLE,Westminster,312,311,285,238,216,250,274,298,317,238,285,291
VEHICLE OFFENCES,THEFT OR UNAUTH TAKING OF A MOTOR VEH,Westminster,60,58,50,47,55,52,47,37,37,48,46,58
VIOLENCE AGAINST THE PERSON,DEATH SERIOUS INJURY ILLEGAL DRIVING,Westminster,0,0,0,1,1,0,1,0,1,2,0,2
VIOLENCE AGAINST THE PERSON,HOMICIDE,Westminster,0,0,1,0,0,0,0,0,0,0,0,1
VIOLENCE AGAINST THE PERSON,STALKING AND HARASSMENT,Westminster,165,180,179,194,175,156,167,191,157,176,184,125
VIOLENCE AGAINST THE PERSON,VIOLENCE WITH INJURY,Westminster,290,349,370,373,357,355,333,383,379,292,306,265
VIOLENCE AGAINST THE PERSON,VIOLENCE WITHOUT INJURY,Westminster,367,419,428,483,444,410,463,491,525,420,397,406
